index,actual_skor_potensi,predicted_skor_potensi,kabupaten_kota,kecamatan,residual
6538,46.56,46.566986,Kab. Ciamis,Sindangkasih,-0.006986083984372726
7500,50.66,50.61106,Kab. Sumedang,Ujungjaya,0.04893890380859034
9696,75.03,75.05206,Kab. Bandung Barat,Cipongkor,-0.022062988281248863
6732,38.77,38.871742,Kab. Kuningan,Pancalang,-0.10174224853515312
7559,32.51,32.706543,Kab. Sumedang,Situraja,-0.196542968750002
8308,43.06,42.924427,Kab. Subang,Pusakajaya,0.13557296752929915
6706,18.92,18.910366,Kab. Kuningan,Mandirancan,0.00963394165039233
4954,52.31,52.343143,Kab. Cirebon,Dukupuntang,-0.03314346313476335
859,73.98,73.99189,Kota Bandung,Sukajadi,-0.011889953613277271
3331,86.59,86.60726,Kota Bekasi,Mustika Jaya,-0.01726165771484034
2919,76.93,76.9803,Kab. Bekasi,Bojongmangu,-0.05030090332030568
6432,56.82,56.68289,Kab. Ciamis,Panawangan,0.13710815429687528
5450,29.54,29.441456,Kab. Sukabumi,Warungkiara,0.09854415893554602
4170,18.92,18.961836,Kab. Tasikmalaya,Tanjungjaya,-0.04183586120605298
4000,26.57,26.492966,Kab. Tasikmalaya,Parungponteng,0.07703430175781278
1927,81.47,81.608955,Kab. Bogor,Bojonggede,-0.1389553833007824
3610,84.88,84.87225,Kota Depok,Cilodong,0.0077465820312454525
6684,16.16,16.104996,Kab. Kuningan,Darma,0.05500427246093764
7258,71.11,70.98471,Kab. Majalengka,Malausma,0.12528930664062443
8594,30.24,30.174267,Kab. Purwakarta,Cibatu,0.06573318481445156
3993,50.44,50.468456,Kab. Tasikmalaya,Cibalong,-0.02845626831054915
4306,67.77,67.74556,Kota Tasikmalaya,Mangkubumi,0.02444030761718352
7851,54.78,54.881435,Kab. Indramayu,Bongas,-0.10143539428710824
1280,88.39,88.419014,Kota Bandung,Rancasari,-0.02901397705078068
9305,63.41,63.4237,Kab. Karawang,Tirtajaya,-0.01369842529297216
8043,51.1,51.025322,Kab. Indramayu,Balongan,0.07467803955078267
9513,57.65,57.668293,Kab. Bandung Barat,Parongpong,-0.018292999267579546
9435,47.21,47.162594,Kab. Pangandaran,Mangunjaya,0.04740615844726648
8198,72.42,72.34248,Kab. Subang,Ciasem,0.0775164794921892
1541,91.16,91.18855,Kota Bandung,Panyileukan,-0.02855285644531591
1031,87.57,87.63285,Kota Bandung,Babakan Ciparay,-0.06285064697266307
5923,27.38,27.465122,Kab. Garut,Banyuresmi,-0.08512222290039162
5179,63.3,63.292984,Kota Cirebon,Pekalipan,0.007015991210934658
2272,59.88,59.8277,Kab. Bogor,Ciampea,0.05229843139648693
5540,29.88,29.820295,Kab. Sukabumi,Kabandungan,0.05970466613769432
8867,54.2,54.242672,Kab. Karawang,Telukjambe Barat,-0.04267196655273153
2913,76.93,77.00223,Kab. Bekasi,Bojongmangu,-0.07222778320311818
823,69.43,67.339264,Kota Bandung,Andir,2.090736083984382
2287,59.88,59.747997,Kab. Bogor,Ciampea,0.13200271606445568
8854,50.71,50.719593,Kab. Karawang,Kotabaru,-0.009593048095702272
8121,23.87,23.791737,Kab. Subang,Cipunagara,0.07826339721679787
596,69.23,69.27276,Kab. Bandung,Soreang,-0.04275848388671477
3174,74.18,74.14074,Kota Bekasi,Rawalumbu,0.03926055908203807
8608,51.31,50.83738,Kab. Purwakarta,Darangdan,0.472620544433596
3825,83.35,83.32324,Kota Depok,Limo,0.026757812499994316
8797,51.05,51.031376,Kab. Karawang,Klari,0.018624114990231533
3008,70.67,70.75716,Kab. Bekasi,Tambelang,-0.0871563720703108
8850,43.12,43.243015,Kab. Karawang,Kotabaru,-0.12301528930664318
6130,41.94,41.996784,Kab. Garut,Pamulihan,-0.0567842102050804
3902,41.92,41.931232,Kab. Tasikmalaya,Cisayong,-0.01123245239257642
736,88.6,88.40942,Kota Bandung,Coblong,0.19058380126952557
7384,49.56,49.4513,Kab. Sumedang,Rancakalong,0.10869842529297102
2594,48.34,48.321083,Kota Bogor,Bogor Barat,0.01891693115234716
9069,53.57,53.448067,Kab. Karawang,Lemahabang,0.12193328857421903
6190,40.92,40.91671,Kab. Garut,Banjarwangi,0.0032901000976579553
6354,25.2,25.175728,Kab. Ciamis,Sadananya,0.02427215576171804
9474,57.69,57.776203,Kab. Bandung Barat,Lembang,-0.0862031555175804
8609,58.91,59.150173,Kab. Purwakarta,Darangdan,-0.24017318725586279
3161,74.18,74.143166,Kota Bekasi,Rawalumbu,0.03683441162110057
1186,80.01,80.00473,Kota Bandung,Cibiru,0.005269775390630116
9403,37.76,37.946953,Kab. Pangandaran,Cimerak,-0.18695281982422074
1385,77.21,77.25067,Kota Bandung,Bandung Kidul,-0.04067138671875625
7231,34.12,34.122276,Kab. Majalengka,Cingambul,-0.002276306152346308
2129,83.33,83.52663,Kab. Bogor,Jasinga,-0.1966265869140642
9795,46.3,46.339653,Kab. Bandung Barat,Cipatat,-0.03965301513672159
5470,18.74,18.88716,Kab. Sukabumi,Gegerbitung,-0.14715934753418125
7838,57.95,57.832626,Kab. Indramayu,Kertasemaya,0.11737365722656534
6240,38.78,38.63197,Kab. Garut,Pasirwangi,0.14803054809570426
2172,86.98,86.897606,Kab. Bogor,Parungpanjang,0.08239410400391023
869,72.21,72.16413,Kota Bandung,Cidadap,0.0458688354492125
9037,36.63,36.642254,Kab. Karawang,Cilamaya Wetan,-0.012253875732419317
6688,16.16,16.093029,Kab. Kuningan,Darma,0.06697097778320327
1938,69.71,69.627045,Kab. Bogor,Leuwiliang,0.08295532226561875
2203,34.57,34.580246,Kab. Bogor,Rumpin,-0.010245971679687216
960,84.92,85.09268,Kota Bandung,Astana Anyar,-0.1726818847656233
5669,26.83,26.790972,Kab. Sukabumi,Bojonggenteng,0.03902824401855298
5280,35.39,35.430386,Kab. Sukabumi,Cibadak,-0.04038558959960881
4633,60.58,60.689156,Kab. Cirebon,Gempol,-0.10915557861328296
1915,81.47,81.691605,Kab. Bogor,Bojonggede,-0.22160461425781364
7774,37.79,37.860447,Kab. Indramayu,Kroya,-0.07044692993164148
9823,86.76,86.74651,Kota Cimahi,Cimahi Utara,0.013486633300786366
1739,75.13,75.107315,Kab. Bogor,Ciawi,0.022684936523432953
9758,50.36,50.383686,Kab. Bandung Barat,Gununghalu,-0.023686065673828693
4347,55.89,55.891422,Kota Tasikmalaya,Bungursari,-0.0014222717285150566
9397,30.16,30.078672,Kab. Pangandaran,Cimerak,0.08132759094238295
1412,98.4,98.41783,Kota Bandung,Margacinta,-0.017831420898431816
6847,15.6,15.596573,Kab. Kuningan,Kalimanggis,0.0034271240234371447
4388,62.53,62.49141,Kota Tasikmalaya,Tamansari,0.03859069824218864
825,73.98,74.042564,Kota Bandung,Sukajadi,-0.06256439208983977
6470,36.08,36.063526,Kab. Ciamis,Jatinagara,0.01647384643554517
7017,47.91,47.823772,Kab. Majalengka,Kasokandel,0.08622756958007471
6473,36.39,35.569157,Kab. Ciamis,Cipaku,0.8208433532714849
6241,31.18,31.191402,Kab. Garut,Pasirwangi,-0.01140243530273466
9319,55.82,55.824154,Kab. Karawang,Tirtajaya,-0.004153900146484091
8802,58.65,59.1075,Kab. Karawang,Klari,-0.4574981689453139
7876,54.78,54.842987,Kab. Indramayu,Bongas,-0.06298706054687386
7325,43.44,43.429077,Kab. Sumedang,Sumedang Selatan,0.010922851562497726
4961,52.31,52.35105,Kab. Cirebon,Dukupuntang,-0.041051330566403976
8148,48.52,48.47715,Kab. Subang,Pagaden,0.042850036621096876
8011,49.57,49.533836,Kab. Indramayu,Lelea,0.036163635253906534
5520,58.49,58.43519,Kab. Sukabumi,Ciracap,0.05481170654297074
2534,54.19,54.1931,Kota Bogor,Bogor Timur,-0.0030999755859397737
3583,84.88,84.910324,Kota Depok,Cilodong,-0.030324096679692047
5710,37.31,37.229996,Kab. Sukabumi,Cidadap,0.08000427246093977
816,77.03,76.993546,Kota Bandung,Andir,0.03645446777343864
7983,37.99,38.027916,Kab. Indramayu,Cantigi,-0.03791595458984176
3235,82.26,82.319084,Kota Bekasi,Bantar Gebang,-0.059084167480463634
6925,34.3,34.157497,Kab. Kuningan,Sindangagung,0.14250259399413778
949,96.31,96.29458,Kota Bandung,Regol,0.015421447753908524
6695,16.16,16.025944,Kab. Kuningan,Darma,0.13405624389648452
4222,75.58,75.68107,Kab. Tasikmalaya,Kadipaten,-0.10106842041015796
3031,42.29,42.398556,Kab. Bekasi,Sukawangi,-0.10855575561523523
644,81.75,81.72587,Kab. Bandung,Rancabali,0.02413177490234375
1548,91.16,91.1886,Kota Bandung,Panyileukan,-0.02859863281250341
8565,59.45,59.53202,Kab. Purwakarta,Campaka,-0.08202056884765341
6789,31.74,31.778215,Kab. Kuningan,Subang,-0.038215408325196876
2479,72.53,72.4086,Kab. Bogor,Pamijahan,0.12140014648437614
3557,82.06,82.069756,Kota Depok,Sukmajaya,-0.009755554199216476
2691,66.26,66.1195,Kab. Bekasi,Cikarang Utara,0.14050079345703637
4928,55.96,55.911736,Kab. Cirebon,Jamblang,0.0482644653320321
5138,71.24,71.36169,Kota Cirebon,Kesambi,-0.12168670654297387
7666,51.51,51.281307,Kab. Indramayu,Jatibarang,0.22869277954101364
1108,80.93,80.92401,Kota Bandung,Batununggal,0.005988769531256821
1286,88.39,88.400444,Kota Bandung,Rancasari,-0.010444030761718182
6338,44.46,44.853924,Kab. Ciamis,Cikoneng,-0.393923797607421
137,51.25,51.343887,Kab. Bandung,Banjaran,-0.0938873291015625
8976,67.75,67.770874,Kab. Karawang,Cilamaya Kulon,-0.0208740234375
23,68.53,68.540276,Kab. Bandung,Cimenyan,-0.010275573730467613
9754,64.24,64.26533,Kab. Bandung Barat,Sindangkerta,-0.025327453613286366
452,40.17,40.151047,Kab. Bandung,Rancaekek,0.018953247070314205
1238,82.33,82.29569,Kota Bandung,Cinambo,0.034307556152342045
8164,65.2,64.952324,Kab. Subang,Pagaden Barat,0.2476760864257841
4416,74.57,74.544014,Kota Tasikmalaya,Kawalu,0.02598602294921193
7676,44.11,44.210308,Kab. Indramayu,Lohbener,-0.10030807495117244
7097,31.41,31.544737,Kab. Majalengka,Rajagaluh,-0.13473686218261705
1801,63.07,63.07332,Kab. Bogor,Ciomas,-0.0033184814453122158
1378,84.8,84.80078,Kota Bandung,Bandung Kidul,-0.0007812500000028422
6147,16.23,17.798697,Kab. Garut,Singajaya,-1.5686965179443355
3077,91.43,91.43485,Kota Bekasi,Bekasi Timur,-0.004852600097649429
4069,41.49,41.5204,Kab. Tasikmalaya,Cikalong,-0.03040100097656051
4444,65.73,65.790344,Kota Tasikmalaya,Cibeureum,-0.06034423828124602
6562,43.21,43.168106,Kab. Ciamis,Banjarsari,0.04189392089843835
7742,54.76,54.764767,Kab. Indramayu,Anjatan,-0.0047666931152363645
431,47.76,47.766705,Kab. Bandung,Rancaekek,-0.0067045593261738645
5376,30.52,30.546244,Kab. Sukabumi,Jampangtengah,-0.02624366760253949
3577,92.47,92.47358,Kota Depok,Cilodong,-0.003579406738282387
4517,56.46,56.474457,Kab. Cirebon,Depok,-0.014456787109374147
4367,55.89,55.88481,Kota Tasikmalaya,Bungursari,0.0051885986328130684
1388,84.8,84.77681,Kota Bandung,Bandung Kidul,0.023190307617184658
3203,70.95,70.89691,Kota Bekasi,Medan Satria,0.05308837890625284
4796,43.93,43.84686,Kab. Cirebon,Susukanlebak,0.08314102172851534
6621,34.82,34.90438,Kab. Kuningan,Luragung,-0.08438079833984347
3004,70.67,70.67724,Kab. Bekasi,Tambelang,-0.007238464355467045
1010,77.32,77.31963,Kota Bandung,Bojongloa Kaler,0.0003665161132744288
6741,44.02,44.071373,Kab. Kuningan,Pasawahan,-0.051372985839840624
3094,83.84,83.88038,Kota Bekasi,Bekasi Timur,-0.04037872314452784
1047,73.88,73.89968,Kota Bandung,Kiaracondong,-0.019681091308598297
1970,60.1,60.12333,Kab. Bogor,Nanggung,-0.02332916259765483
4394,70.13,70.145485,Kota Tasikmalaya,Tamansari,-0.015484924316410797
1192,72.42,72.14388,Kota Bandung,Cibiru,0.27611724853515796
2672,62.17,62.157734,Kab. Bekasi,Cikarang Barat,0.01226608276367358
649,74.16,74.200325,Kab. Bandung,Rancabali,-0.04032501220703466
4187,59.13,57.875683,Kab. Tasikmalaya,Bojongasih,1.2543171691894557
9565,76.55,76.588524,Kab. Bandung Barat,Cisarua,-0.03852386474609659
6623,34.82,34.867397,Kab. Kuningan,Luragung,-0.04739730834960909
9762,50.36,50.410866,Kab. Bandung Barat,Gununghalu,-0.05086578369140682
809,96.21,96.205284,Kota Bandung,Cicendo,0.004715881347649997
7801,51.73,51.77362,Kab. Indramayu,Terisi,-0.043620605468753126
2168,86.98,86.87157,Kab. Bogor,Parungpanjang,0.10843322753906648
7220,41.72,41.6542,Kab. Majalengka,Cingambul,0.06579849243163949
6699,16.16,16.038168,Kab. Kuningan,Darma,0.1218320465087892
6854,15.6,15.588078,Kab. Kuningan,Kalimanggis,0.01192245483398402
4672,64.0,64.198715,Kab. Cirebon,Astanajapura,-0.1987152099609375
6462,39.85,40.31668,Kab. Ciamis,Panjalu,-0.4666809082031236
7223,34.12,34.10217,Kab. Majalengka,Cingambul,0.017830963134763067
7269,69.11,69.178024,Kab. Majalengka,Ligung,-0.06802429199218807
9277,50.88,50.88471,Kab. Karawang,Cilebar,-0.004708404541013067
11,62.99,62.99765,Kab. Bandung,Cileunyi,-0.0076501464843730105
4634,60.58,60.675766,Kab. Cirebon,Gempol,-0.0957659912109392
5311,29.04,28.940325,Kab. Sukabumi,Cisaat,0.09967521667480383
9492,57.65,57.65558,Kab. Bandung Barat,Parongpong,-0.005578613281251421
9051,44.22,44.216705,Kab. Karawang,Cilamaya Wetan,0.003294677734373863
4448,73.32,73.30016,Kota Tasikmalaya,Cibeureum,0.01983673095702443
1968,67.69,67.69014,Kab. Bogor,Nanggung,-0.00013977050781477374
415,40.17,40.183285,Kab. Bandung,Rancaekek,-0.01328475952148267
4742,48.44,48.50851,Kab. Cirebon,Kaliwedi,-0.06851058959961165
6618,54.15,54.104954,Kab. Kuningan,Kadugede,0.045046234130857954
830,73.98,73.97204,Kota Bandung,Sukajadi,0.007961730957035229
8611,58.91,59.13883,Kab. Purwakarta,Darangdan,-0.22882827758789404
44,53.96,53.993584,Kab. Bandung,Cilengkrang,-0.0335836791992179
3062,59.75,59.954765,Kab. Bekasi,Karangsentosa,-0.20476531982421875
497,53.23,53.061043,Kab. Bandung,Nagreg,0.16895721435546562
4020,28.81,28.865778,Kab. Tasikmalaya,Sodonghilir,-0.05577796936035284
3472,64.73,64.69315,Kota Depok,Pancoran Mas,0.03684661865234773
9363,58.06,57.982563,Kab. Karawang,Telagasari,0.07743698120117415
9917,68.59,68.603584,Kota Cimahi,Cimahi Selatan,-0.01358428955077784
9105,81.26,81.30151,Kab. Karawang,Majalaya,-0.041513671874994884
1030,79.98,79.57972,Kota Bandung,Babakan Ciparay,0.40028045654297273
8680,56.88,56.884266,Kab. Purwakarta,Sukatani,-0.004265899658200567
8866,54.2,54.255596,Kab. Karawang,Telukjambe Barat,-0.05559616088866903
1675,52.11,52.092655,Kab. Bogor,Sukamakmur,0.017344818115233807
6919,26.71,26.726423,Kab. Kuningan,Sindangagung,-0.016423263549803835
3356,86.59,86.611244,Kota Bekasi,Mustika Jaya,-0.02124420166015284
7732,43.76,43.539192,Kab. Indramayu,Patrol,0.22080780029296676
6993,10.6,10.599599,Kab. Majalengka,Kertajati,0.0004011154174801135
1356,77.49,77.51781,Kota Bandung,Buahbatu,-0.027807006835942616
8908,58.85,58.920006,Kab. Karawang,Ciampel,-0.07000579833984233
5795,67.13,67.13044,Kota Sukabumi,Citamiang,-0.0004397583007857975
46,53.96,53.972603,Kab. Bandung,Cilengkrang,-0.012602844238280397
7686,38.76,38.71935,Kab. Indramayu,Losarang,0.040651092529294885
5082,56.18,55.985264,Kab. Cirebon,Gegesik,0.1947361755371091
6433,49.22,49.14587,Kab. Ciamis,Panawangan,0.07412979125976449
7621,59.37,59.38093,Kab. Sumedang,Buahdua,-0.010931854248049433
2451,62.94,62.976738,Kab. Bogor,Leuwisadeng,-0.036737976074221024
3458,72.32,72.36438,Kota Depok,Pancoran Mas,-0.04437988281250682
2880,56.27,56.485497,Kab. Bekasi,Kedungwaringin,-0.21549652099609062
9110,81.26,81.307724,Kab. Karawang,Majalaya,-0.047723999023432384
6076,22.8,22.857761,Kab. Garut,Caringin,-0.057761383056639914
8950,56.0,55.971233,Kab. Karawang,Tegalwaru,0.028766632080078125
1323,69.89,69.84308,Kota Bandung,Buahbatu,0.04692138671875057
8423,56.01,56.609436,Kab. Subang,Sagalaherang,-0.599436035156252
8212,80.01,80.07844,Kab. Subang,Ciasem,-0.06843780517577613
5783,86.16,86.16989,Kota Sukabumi,Cikole,-0.00989135742187841
3457,72.32,72.3429,Kota Depok,Pancoran Mas,-0.02290313720703807
9109,73.67,73.681244,Kab. Karawang,Majalaya,-0.011243896484373295
1302,88.39,88.42033,Kota Bandung,Rancasari,-0.03032623291015568
1772,80.22,80.26179,Kab. Bogor,Cisarua,-0.04178741455078239
5870,40.08,40.07392,Kota Sukabumi,Cibeureum,0.006078796386717045
6756,49.6,49.79354,Kab. Kuningan,Nusaherang,-0.19354095458984233
593,76.82,76.79854,Kab. Bandung,Soreang,0.02146179199218068
6541,36.76,36.12428,Kab. Ciamis,Cihaurbeuti,0.6357209777832011
6180,33.33,33.35938,Kab. Garut,Banjarwangi,-0.02937881469726733
2176,34.57,34.651867,Kab. Bogor,Rumpin,-0.08186691284179659
4001,18.98,19.565334,Kab. Tasikmalaya,Parungponteng,-0.585334320068359
3578,92.47,92.477615,Kota Depok,Cilodong,-0.007615356445313637
5929,27.38,27.446886,Kab. Garut,Banyuresmi,-0.06688606262207131
2884,48.68,48.32323,Kab. Bekasi,Kedungwaringin,0.3567692565917966
6365,13.37,13.273119,Kab. Ciamis,Cidolog,0.0968810272216789
9669,85.71,85.65413,Kab. Bandung Barat,Cihampelas,0.05587097167968125
4294,65.74,65.89412,Kota Tasikmalaya,Tawang,-0.15411926269531762
2327,77.99,78.00023,Kab. Bogor,Sukarata,-0.010228881835942616
5844,40.08,40.060337,Kota Sukabumi,Cibeureum,0.01966293334960767
108,51.52,51.381832,Kab. Bandung,Katapang,0.13816787719726875
1821,64.99,64.93276,Kab. Bogor,Kemang,0.057237854003901134
2569,48.34,48.322414,Kota Bogor,Bogor Barat,0.017585601806644036
1502,88.36,88.35792,Kota Bandung,Cibeunying Kidul,0.0020822143554681816
7277,69.11,69.15424,Kab. Majalengka,Ligung,-0.04424346923828182
9219,64.46,64.558,Kab. Karawang,Jayakerta,-0.09799865722656875
195,78.89,78.87635,Kab. Bandung,Pangalengan,0.013649597167969318
3143,94.53,94.469864,Kota Bekasi,Bekasi Selatan,0.06013610839843864
9044,36.63,36.641247,Kab. Karawang,Cilamaya Wetan,-0.011246795654294317
2242,72.66,72.61987,Kab. Bogor,Cibungbulang,0.04012695312499659
8527,60.39,60.32499,Kab. Subang,Cikaum,0.06501068115234432
6620,34.82,34.837547,Kab. Kuningan,Luragung,-0.017547302246093466
9778,47.54,47.609493,Kab. Bandung Barat,Saguling,-0.06949325561523523
3741,84.0,84.0142,Kota Depok,Bojongsari,-0.01419830322265625
2490,75.66,75.68197,Kab. Bogor,Ciseeng,-0.02196868896484716
9577,84.15,84.153885,Kab. Bandung Barat,Cisarua,-0.0038848876953068157
1225,89.93,89.930405,Kota Bandung,Cinambo,-0.0004046630859306788
5947,19.78,19.770502,Kab. Garut,Banyuresmi,0.009497909545899574
2152,86.98,86.88329,Kab. Bogor,Parungpanjang,0.09670684814453523
6687,23.76,23.945356,Kab. Kuningan,Darma,-0.18535636901855312
9145,52.46,52.38295,Kab. Karawang,Rengasdengklok,0.07705017089843835
3056,59.75,60.045513,Kab. Bekasi,Karangsentosa,-0.2955131530761719
1194,80.01,79.99788,Kota Bandung,Cibiru,0.012120971679692616
4261,50.46,50.55572,Kota Tasikmalaya,Cihideung,-0.09572128295898352
6174,33.33,33.37255,Kab. Garut,Banjarwangi,-0.042550964355470455
3439,75.21,75.365974,Kota Depok,Beji,-0.1559744262695375
9561,84.15,84.15577,Kab. Bandung Barat,Cisarua,-0.005769348144525566
1855,55.05,55.05281,Kab. Bogor,Rancabungur,-0.002810668945315342
2640,65.48,65.503555,Kota Bogor,Tanah Sareal,-0.02355529785155852
5464,29.31,31.124458,Kab. Sukabumi,Nyalindung,-1.8144583129882825
7458,39.47,39.41223,Kab. Sumedang,Cimalaka,0.05776855468749886
3527,74.47,74.45089,Kota Depok,Sukmajaya,0.019110412597655113
7447,47.07,47.183872,Kab. Sumedang,Cimalaka,-0.11387222290039034
3434,82.8,82.74623,Kota Depok,Beji,0.05376892089843466
2796,58.29,58.29792,Kab. Bekasi,Tambun Selatan,-0.007920227050782103
8690,77.26,77.27298,Kab. Purwakarta,Tegalwaru,-0.012979736328119884
7099,39.01,38.962494,Kab. Majalengka,Rajagaluh,0.04750610351562301
4498,56.16,56.223915,Kab. Cirebon,Weru,-0.06391510009765966
8640,57.91,57.813896,Kab. Purwakarta,Pasawahan,0.09610382080077784
2931,69.33,69.228836,Kab. Bekasi,Bojongmangu,0.1011639404296858
1254,89.93,89.932434,Kota Bandung,Cinambo,-0.002434082031243179
9036,44.22,44.19454,Kab. Karawang,Cilamaya Wetan,0.025461883544920738
267,82.1,82.06427,Kab. Bandung,Ibun,0.035729980468744316
5055,58.34,58.369904,Kab. Cirebon,Karangwareng,-0.02990356445312159
477,40.17,40.177498,Kab. Bandung,Rancaekek,-0.007497863769529545
6816,37.26,37.407856,Kab. Kuningan,Cibingbin,-0.14785598754883011
368,59.88,59.87484,Kab. Bandung,Solokanjeruk,0.005160217285158808
7185,60.14,60.149944,Kab. Majalengka,Argapura,-0.009944305419921307
2469,80.13,80.167336,Kab. Bogor,Pamijahan,-0.0373355102539108
2729,70.2,70.19463,Kab. Bekasi,Cikarang Selatan,0.005366516113284092
1405,98.4,98.43857,Kota Bandung,Margacinta,-0.038568115234369316
7240,49.34,49.366066,Kab. Majalengka,Sindang,-0.02606597900390284
5175,70.9,70.771385,Kota Cirebon,Pekalipan,0.12861480712891193
1431,84.66,84.59056,Kota Bandung,Sukasari,0.06943908691405909
2153,79.38,79.42907,Kab. Bogor,Parungpanjang,-0.0490695190429733
9196,52.64,52.740337,Kab. Karawang,Pakisjaya,-0.1003373718261713
5807,46.3,46.29027,Kota Sukabumi,Baros,0.009728240966794033
9298,78.38,78.2875,Kab. Karawang,Tirtamulya,0.0925015258789017
5647,51.47,51.43192,Kab. Sukabumi,Cikembar,0.03808090209960824
8675,56.88,56.89043,Kab. Purwakarta,Sukatani,-0.010430450439450567
6389,33.04,33.096157,Kab. Ciamis,Rajadesa,-0.05615707397461023
5762,78.57,78.53729,Kota Sukabumi,Cikole,0.03270751953124318
8480,62.69,62.609936,Kab. Subang,Cipeundeuy,0.08006423950195085
7680,44.11,44.139404,Kab. Indramayu,Lohbener,-0.02940429687500057
4272,71.71,70.5888,Kota Tasikmalaya,Cipedes,1.121201477050775
9804,86.76,86.74777,Kota Cimahi,Cimahi Utara,0.012227783203130116
3128,77.79,77.91304,Kota Bekasi,Bekasi Utara,-0.12304016113280625
7098,39.01,38.99389,Kab. Majalengka,Rajagaluh,0.01611114501952926
8689,69.66,69.57713,Kab. Purwakarta,Tegalwaru,0.08286682128905909
5609,24.85,24.837162,Kab. Sukabumi,Kalibunder,0.012837982177735796
9971,69.09,69.13442,Kota Banjar,Pataruman,-0.04442230224609034
3241,89.86,89.776344,Kota Bekasi,Bantar Gebang,0.08365570068359318
3852,29.69,30.541716,Kab. Tasikmalaya,Singaparna,-0.8517156219482409
4034,35.9,36.27478,Kab. Tasikmalaya,Puspahiang,-0.3747802734375014
3508,82.06,82.08374,Kota Depok,Sukmajaya,-0.023740234374997726
9493,57.65,57.6591,Kab. Bandung Barat,Parongpong,-0.009099578857423296
1665,59.7,59.8881,Kab. Bogor,Sukamakmur,-0.1880996704101534
4368,48.29,48.331852,Kota Tasikmalaya,Bungursari,-0.04185195922851648
4947,44.72,44.692944,Kab. Cirebon,Dukupuntang,0.027056427001951988
5252,10.26,10.249173,Kab. Sukabumi,Cidahu,0.010826835632324006
8731,54.31,54.056683,Kab. Purwakarta,Bojong,0.2533174133300804
3109,76.1,76.23344,Kota Bekasi,Bekasi Barat,-0.13343658447266193
8361,37.08,36.91195,Kab. Subang,Sukasari,0.16805084228515454
5956,45.25,45.244484,Kab. Garut,Bayongbong,0.00551605224609375
506,60.82,60.82094,Kab. Bandung,Nagreg,-0.0009381103515622158
1795,79.94,80.19008,Kab. Bogor,Dramaga,-0.2500787353515648
9582,66.78,66.65904,Kab. Bandung Barat,Cikalongwetan,0.12095764160156364
5439,27.52,27.647259,Kab. Sukabumi,Purabaya,-0.1272587585449223
4335,48.29,48.329597,Kota Tasikmalaya,Bungursari,-0.0395974731445321
4918,42.11,42.103985,Kab. Cirebon,Greged,0.0060151672363275566
1989,67.69,67.66511,Kab. Bogor,Nanggung,0.024892272949216476
8991,67.75,67.77516,Kab. Karawang,Cilamaya Kulon,-0.0251617431640625
5569,36.95,37.11484,Kab. Sukabumi,Caringin,-0.16484146118163778
6253,31.95,31.895658,Kab. Garut,Sukawening,0.0543415069580071
7526,59.64,60.037933,Kab. Sumedang,Wado,-0.39793334960937443
2030,37.38,37.401794,Kab. Bogor,Cigudeg,-0.021794433593747442
287,82.1,82.109276,Kab. Bandung,Ibun,-0.009275817871099434
7856,47.19,47.114246,Kab. Indramayu,Bongas,0.0757536315917946
3803,75.76,75.77777,Kota Depok,Limo,-0.017770996093744884
4576,50.01,50.00628,Kab. Cirebon,Klangenan,0.0037210083007792605
2089,61.01,61.00271,Kab. Bogor,Tenjo,0.0072915649414042605
323,47.45,47.510845,Kab. Bandung,Paseh,-0.06084518432616903
9173,58.34,58.327126,Kab. Karawang,Batujaya,0.01287445068359716
4938,63.56,63.62039,Kab. Cirebon,Jamblang,-0.060391845703122726
8806,50.0,49.936745,Kab. Karawang,Cikampek,0.06325531005859375
9683,50.78,50.741745,Kab. Bandung Barat,Cililin,0.03825500488281364
4892,51.86,51.82449,Kab. Cirebon,Talun,0.03551040649414006
5431,25.63,25.680727,Kab. Sukabumi,Pabuaran,-0.05072700500488381
5865,47.67,47.6773,Kota Sukabumi,Cibeureum,-0.007299499511717045
5413,25.63,25.688972,Kab. Sukabumi,Pabuaran,-0.058972473144532245
7762,50.37,50.46838,Kab. Indramayu,Haurgeulis,-0.09837997436523693
1724,75.13,75.08916,Kab. Bogor,Ciawi,0.04084289550780795
9368,37.87,37.810154,Kab. Karawang,Banyusari,0.05984603881835682
6172,40.92,40.92972,Kab. Garut,Banjarwangi,-0.00972183227538892
295,82.1,82.06391,Kab. Bandung,Ibun,0.036088562011713066
7850,47.19,47.109966,Kab. Indramayu,Bongas,0.08003372192382585
7014,55.51,55.773045,Kab. Majalengka,Kasokandel,-0.2630445861816426
9974,69.09,69.137146,Kota Banjar,Pataruman,-0.04714599609374659
6556,44.94,44.88705,Kab. Ciamis,Lumbung,0.05294937133788835
688,67.98,67.98467,Kab. Bandung,Cangkuang,-0.004672546386714771
6988,10.6,10.60213,Kab. Majalengka,Kertajati,-0.002129936218262074
4185,51.53,51.46054,Kab. Tasikmalaya,Bojongasih,0.06945922851562614
7899,46.94,47.051884,Kab. Indramayu,Juntinyuat,-0.1118836975097679
7994,62.9,62.928688,Kab. Indramayu,Arahan,-0.02868804931640767
5185,66.91,66.929085,Kota Cirebon,Kejaksan,-0.01908477783203466
7596,31.32,31.425829,Kab. Sumedang,Tanjungkerta,-0.10582893371582003
9817,86.76,86.74364,Kota Cimahi,Cimahi Utara,0.016362915039067616
8506,43.31,43.269768,Kab. Subang,Cijambe,0.040232238769533524
6491,21.98,21.813673,Kab. Ciamis,Banjaranyar,0.16632698059082074
7709,38.76,38.687176,Kab. Indramayu,Losarang,0.07282424926757614
6163,18.72,18.738943,Kab. Garut,Sukaresmi,-0.018943099975587074
6635,12.05,12.042218,Kab. Kuningan,Garawangi,0.007781791687012429
585,76.82,76.79339,Kab. Bandung,Soreang,0.02661163330077443
4070,41.91,41.736904,Kab. Tasikmalaya,Pancatengah,0.17309585571288721
4489,56.78,56.737984,Kab. Cirebon,Kedawung,0.04201629638671989
797,78.81,78.86075,Kota Bandung,Sumur Bandung,-0.050748291015622726
3683,70.77,70.65431,Kota Depok,Sawangan,0.11568786621093352
4374,63.82,63.711845,Kota Tasikmalaya,Purbaratu,0.10815460205078153
660,67.08,67.167015,Kab. Bandung,Pasirjambu,-0.08701507568359546
6454,32.25,32.206394,Kab. Ciamis,Panjalu,0.043605804443359375
9905,61.0,60.997387,Kota Cimahi,Cimahi Selatan,0.002613067626953125
6817,37.26,37.221115,Kab. Kuningan,Cibingbin,0.03888488769531051
4455,73.32,73.29055,Kota Tasikmalaya,Cibeureum,0.02944976806639943
7874,47.19,47.12897,Kab. Indramayu,Bongas,0.0610289001464821
9648,67.04,66.978775,Kab. Bandung Barat,Padalarang,0.06122497558594375
8049,58.69,58.704315,Kab. Indramayu,Balongan,-0.014315185546877274
5711,37.31,37.204544,Kab. Sukabumi,Cidadap,0.10545593261718977
2670,69.77,69.722595,Kab. Bekasi,Cikarang Barat,0.04740478515624602
7291,45.29,45.256023,Kab. Sumedang,Sumedang Utara,0.03397659301757727
2762,62.6,62.613415,Kab. Bekasi,Cikarang Selatan,-0.013414764404295454
5720,21.8,22.315353,Kab. Sukabumi,Sirnaresmi,-0.5153533935546868
6965,56.96,57.0445,Kab. Majalengka,Kadipaten,-0.08449844360351477
880,79.81,79.8238,Kota Bandung,Cidadap,-0.013799133300778976
1780,80.22,80.25089,Kab. Bogor,Cisarua,-0.030892639160157387
4103,16.55,16.569973,Kab. Tasikmalaya,Sukaratu,-0.019972991943358664
9013,36.63,36.65041,Kab. Karawang,Cilamaya Wetan,-0.020409698486325567
994,77.32,77.31555,Kota Bandung,Bojongloa Kaler,0.004448242187493179
8457,47.15,47.095486,Kab. Subang,Tanjungsiang,0.054514312744139204
1118,80.93,80.92335,Kota Bandung,Batununggal,0.006652526855475571
3099,91.43,91.41465,Kota Bekasi,Bekasi Timur,0.015350036621100571
9815,79.17,79.1944,Kota Cimahi,Cimahi Utara,-0.024396972656248295
4628,60.58,60.68756,Kab. Cirebon,Gempol,-0.1075610351562517
9901,68.59,68.609474,Kota Cimahi,Cimahi Selatan,-0.01947418212890284
253,63.37,63.212326,Kab. Bandung,Cimaung,0.15767395019530994
2639,65.48,65.52565,Kota Bogor,Tanah Sareal,-0.04565002441405852
1012,77.32,77.322845,Kota Bandung,Bojongloa Kaler,-0.002845458984381821
9999,66.47,66.44836,Kota Banjar,Langensari,0.021643371582030113
2704,62.6,62.62599,Kab. Bekasi,Cikarang Selatan,-0.02599182128906108
564,76.82,76.799446,Kab. Bandung,Soreang,0.02055389404296193
8901,66.44,66.36573,Kab. Karawang,Ciampel,0.07426971435546648
6457,32.25,32.24209,Kab. Ciamis,Panjalu,0.00791168212890625
8946,56.0,55.975704,Kab. Karawang,Tegalwaru,0.024295806884765625
7663,43.91,43.89278,Kab. Indramayu,Jatibarang,0.017219696044918464
6066,22.8,22.84444,Kab. Garut,Caringin,-0.044440460205077414
9511,65.25,65.180084,Kab. Bandung Barat,Parongpong,0.069915771484375
9655,63.98,64.29717,Kab. Bandung Barat,Batujajar,-0.3171725463867219
8533,52.8,52.835125,Kab. Subang,Cikaum,-0.03512496948242472
2219,76.3,76.30184,Kab. Bogor,Gunung Sindur,-0.0018417358398465922
5948,19.78,19.76026,Kab. Garut,Banyuresmi,0.0197403717041027
6923,26.71,26.733852,Kab. Kuningan,Sindangagung,-0.023852386474608522
3646,79.97,79.804504,Kota Depok,Tapos,0.16549560546874886
9141,60.05,60.13557,Kab. Karawang,Rengasdengklok,-0.08557052612304972
6474,36.39,35.500954,Kab. Ciamis,Cipaku,0.8890463256835943
8507,43.31,43.25881,Kab. Subang,Cijambe,0.05119186401367415
2139,83.33,83.51285,Kab. Bogor,Jasinga,-0.1828479003906267
8096,60.88,60.79482,Kab. Subang,Kalijati,0.08518112182617443
6846,23.19,23.161955,Kab. Kuningan,Kalimanggis,0.02804512023925909
9605,60.87,60.881786,Kab. Bandung Barat,Cipeundeuy,-0.011786346435549433
5134,63.64,63.616734,Kota Cirebon,Kesambi,0.023266448974609943
8209,80.01,80.08867,Kab. Subang,Ciasem,-0.07866882324218238
6348,15.16,16.818773,Kab. Ciamis,Cijeungjing,-1.6587732696533202
526,56.22,56.22134,Kab. Bandung,Cikancung,-0.0013401794433605119
3679,78.36,78.42357,Kota Depok,Sawangan,-0.06356872558593807
9012,44.22,44.224686,Kab. Karawang,Cilamaya Wetan,-0.004685668945313637
3254,82.26,82.34351,Kota Bekasi,Bantar Gebang,-0.08351348876952613
2753,62.6,62.64603,Kab. Bekasi,Cikarang Selatan,-0.046030426025389204
2604,55.93,55.950798,Kota Bogor,Bogor Barat,-0.020798034667969034
3199,63.35,63.521564,Kota Bekasi,Medan Satria,-0.1715644836425767
742,81.01,81.28033,Kota Bandung,Coblong,-0.27032684326171363
1450,88.36,88.34688,Kota Bandung,Cibeunying Kidul,0.013121948242186932
3595,84.88,84.90919,Kota Depok,Cilodong,-0.029187316894535797
8012,49.57,49.516514,Kab. Indramayu,Lelea,0.05348617553710966
7571,55.39,55.38431,Kab. Sumedang,Ganeas,0.0056883239746099434
9837,78.68,78.530464,Kota Cimahi,Cimahi Tengah,0.14953582763672557
5092,35.92,36.015427,Kab. Cirebon,Panggangsari,-0.0954266357421858
631,67.02,66.918915,Kab. Bandung,Ciwidey,0.10108520507812102
7936,47.92,47.91877,Kab. Indramayu,Sindang,0.0012301635742204553
8337,52.15,52.049877,Kab. Subang,Blanakan,0.1001228332519517
4119,44.37,44.433273,Kab. Tasikmalaya,Leuwisari,-0.06327331542969006
8651,49.56,49.66114,Kab. Purwakarta,Pondoksalam,-0.10114044189452898
459,40.17,40.182243,Kab. Bandung,Rancaekek,-0.012243347167967045
6521,26.04,26.104256,Kab. Ciamis,Baregbeg,-0.0642556762695321
1425,84.66,84.61975,Kota Bandung,Sukasari,0.04024902343749659
6324,43.06,43.43911,Kab. Garut,Karangtengah,-0.3791098022460915
1730,75.13,75.09335,Kab. Bogor,Ciawi,0.03664672851562045
1049,73.88,73.907585,Kota Bandung,Kiaracondong,-0.027585144042973297
1034,87.57,87.66221,Kota Bandung,Babakan Ciparay,-0.09220855712891307
9288,50.88,50.874573,Kab. Karawang,Cilebar,0.005427246093752558
1809,55.47,55.462097,Kab. Bogor,Ciomas,0.007902832031248863
5141,71.24,71.367676,Kota Cirebon,Kesambi,-0.12767578125000512
3874,25.4,25.393103,Kab. Tasikmalaya,Sukarame,0.006897354125975141
7357,51.03,51.068077,Kab. Sumedang,Sumedang Selatan,-0.03807708740234261
7127,54.63,54.523624,Kab. Majalengka,Palasah,0.10637557983398693
5893,11.76,11.885717,Kab. Garut,Karangpawitan,-0.12571739196777365
4662,36.06,36.124714,Kab. Cirebon,Sedong,-0.06471389770507585
2032,44.98,45.162235,Kab. Bogor,Cigudeg,-0.18223526000976875
9380,21.95,22.00331,Kab. Pangandaran,Pangandaran,-0.0533092498779304
3406,81.04,81.02087,Kota Bekasi,Pondok Melati,0.019133605957037503
8059,42.7,42.81208,Kab. Indramayu,Pasekan,-0.11208038330077841
7377,60.49,60.34214,Kab. Sumedang,Tanjungsari,0.14785980224609574
6800,65.7,65.666435,Kab. Kuningan,Ciwaru,0.03356475830078409
3134,85.38,85.34426,Kota Bekasi,Bekasi Utara,0.0357388305664017
8970,67.75,67.76738,Kab. Karawang,Cilamaya Kulon,-0.0173797607421875
7588,38.91,38.88976,Kab. Sumedang,Tanjungkerta,0.020240936279293464
789,73.09,73.09051,Kota Bandung,Bandung Wetan,-0.0005075073242153394
5108,54.28,54.21784,Kota Cirebon,Harjamukti,0.06216171264648551
1604,54.67,54.66232,Kab. Bogor,Gunung Putri,0.00768081665039233
4496,56.16,56.212414,Kab. Cirebon,Weru,-0.052413787841800286
6359,25.2,25.181652,Kab. Ciamis,Sadananya,0.018347930908202414
6933,26.71,26.761202,Kab. Kuningan,Sindangagung,-0.05120185852050696
6734,38.77,38.843765,Kab. Kuningan,Pancalang,-0.07376525878905937
4163,50.26,50.19855,Kab. Tasikmalaya,Karangjaya,0.061448822021482385
9502,65.25,65.20581,Kab. Bandung Barat,Parongpong,0.044189453125
6428,56.82,56.70889,Kab. Ciamis,Panawangan,0.11111099243164091
9712,63.24,63.188602,Kab. Bandung Barat,Rongga,0.051397552490236365
8713,77.26,77.24174,Kab. Purwakarta,Tegalwaru,0.018262634277348866
594,76.82,76.79545,Kab. Bandung,Soreang,0.02455169677733693
3339,86.59,86.61639,Kota Bekasi,Mustika Jaya,-0.02638641357421534
5391,49.73,49.06036,Kab. Sukabumi,Tegalbuleud,0.6696400451660125
8745,49.79,49.532825,Kab. Purwakarta,Kiarapedes,0.257174530029296
1959,77.31,77.3407,Kab. Bogor,Leuwiliang,-0.030698242187497726
9979,76.69,76.53628,Kota Banjar,Pataruman,0.15372222900390398
7855,54.78,54.882854,Kab. Indramayu,Bongas,-0.10285446166992074
1937,69.71,69.6643,Kab. Bogor,Leuwiliang,0.045700988769525
2022,44.98,44.919743,Kab. Bogor,Cigudeg,0.06025741577148125
4738,48.44,48.4934,Kab. Cirebon,Kaliwedi,-0.053400573730471024
1161,68.18,68.19371,Kota Bandung,Arcamanik,-0.013710327148430679
5952,20.58,21.001204,Kab. Garut,Samarang,-0.4212035369873064
3786,83.35,83.325806,Kota Depok,Limo,0.024194335937494316
9120,59.87,59.87187,Kab. Karawang,Rawamerta,-0.001868133544924433
9657,85.71,85.556984,Kab. Bandung Barat,Cihampelas,0.1530160522460875
6525,26.04,26.112295,Kab. Ciamis,Baregbeg,-0.07229515075683679
1785,68.56,68.50781,Kab. Bogor,Sukaraja,0.052187500000002274
4169,18.92,18.951746,Kab. Tasikmalaya,Tanjungjaya,-0.03174598693847486
6606,38.92,38.89553,Kab. Kuningan,Cigugur,0.024469299316407955
2079,53.42,53.434586,Kab. Bogor,Tenjo,-0.014585571289060795
2199,42.16,42.150032,Kab. Bogor,Rumpin,0.00996795654296534
9771,55.14,55.072613,Kab. Bandung Barat,Saguling,0.0673872375488287
810,88.62,88.609604,Kota Bandung,Cicendo,0.010396118164067047
6942,26.71,26.711266,Kab. Kuningan,Sindangagung,-0.0012655639648428973
9574,76.55,76.55781,Kab. Bandung Barat,Cisarua,-0.007807922363284092
4675,64.0,64.12299,Kab. Cirebon,Astanajapura,-0.12299346923828125
8902,58.85,58.914417,Kab. Karawang,Ciampel,-0.0644172668457017
2356,81.31,81.25778,Kab. Bogor,Tanjungsari,0.052218017578127274
3680,78.36,78.42408,Kota Depok,Sawangan,-0.06407989501953182
9857,68.59,68.58895,Kota Cimahi,Cimahi Selatan,0.0010488891601596606
4056,33.9,33.933006,Kab. Tasikmalaya,Cikalong,-0.03300628662109517
4649,48.98,48.93616,Kab. Cirebon,Susukan,0.04383895874023125
3324,78.99,78.89143,Kota Bekasi,Mustika Jaya,0.09856628417968238
7567,32.51,32.78238,Kab. Sumedang,Situraja,-0.272379150390627
3317,86.59,86.60804,Kota Bekasi,Mustika Jaya,-0.01803985595702784
2436,59.87,59.94046,Kab. Bogor,Cigombong,-0.07046020507812756
9019,44.22,44.20546,Kab. Karawang,Cilamaya Wetan,0.014540405273436363
2474,72.53,72.41128,Kab. Bogor,Pamijahan,0.11872222900390739
9017,44.22,44.18173,Kab. Karawang,Cilamaya Wetan,0.03827163696288949
3179,74.18,74.15019,Kota Bekasi,Rawalumbu,0.02980773925781932
2329,77.99,77.99665,Kab. Bogor,Sukarata,-0.006650695800786366
153,58.84,58.804817,Kab. Bandung,Banjaran,0.03518280029297216
7476,50.77,50.792645,Kab. Sumedang,Tomo,-0.02264450073241875
6807,58.11,58.168354,Kab. Kuningan,Ciwaru,-0.05835403442382869
2355,81.31,81.26606,Kab. Bogor,Tanjungsari,0.043940124511721024
1909,51.4,51.31544,Kab. Bogor,Tajurhalang,0.0845588684082017
8744,68.18,68.1185,Kab. Purwakarta,Bungursari,0.06150024414063182
6344,36.86,36.820152,Kab. Ciamis,Cikoneng,0.03984771728515568
3579,84.88,84.89938,Kota Depok,Cilodong,-0.019383544921879547
7727,38.94,38.872177,Kab. Indramayu,Sukra,0.06782287597656023
1120,88.53,88.52551,Kota Bandung,Batununggal,0.004487304687501137
298,82.1,82.05429,Kab. Bandung,Ibun,0.045709228515619316
482,65.78,65.65724,Kab. Bandung,Cicalengka,0.12275817871093864
9456,16.76,16.658686,Kab. Pangandaran,Sidamulih,0.1013143157959
6511,52.59,52.45761,Kab. Ciamis,Purwadadi,0.1323889160156284
9826,86.76,86.75983,Kota Cimahi,Cimahi Utara,0.0001733398437551159
6692,23.76,23.94916,Kab. Kuningan,Darma,-0.18915962219238125
7633,59.37,59.36287,Kab. Sumedang,Buahdua,0.007130737304684942
3773,75.76,75.78644,Kota Depok,Limo,-0.026437988281244884
1705,56.37,56.392506,Kab. Bogor,Parung,-0.022505645751955683
5038,24.43,24.389881,Kab. Cirebon,Gunung Jati,0.04011886596679659
5154,71.24,71.35994,Kota Cirebon,Kesambi,-0.11993957519531762
1206,89.98,90.01035,Kota Bandung,Ujungberung,-0.03035308837890227
2473,80.13,80.18741,Kab. Bogor,Pamijahan,-0.05740844726562955
8399,62.74,62.87814,Kab. Subang,Patokbeusi,-0.13813949584960739
5371,22.92,22.93628,Kab. Sukabumi,Jampangtengah,-0.016279296874998295
2218,68.71,68.529015,Kab. Bogor,Gunung Sindur,0.18098541259765
5611,24.85,24.842691,Kab. Sukabumi,Kalibunder,0.007308578491212359
9401,37.76,38.00686,Kab. Pangandaran,Cimerak,-0.24685882568359574
7452,39.47,39.40039,Kab. Sumedang,Cimalaka,0.06960937499999886
5270,23.57,23.53777,Kab. Sukabumi,Parungkuda,0.03223068237304716
4992,63.21,63.249798,Kab. Cirebon,Gunungjati,-0.03979782104492102
3427,82.8,82.7584,Kota Depok,Beji,0.04160003662109091
4167,18.92,18.962887,Kab. Tasikmalaya,Tanjungjaya,-0.04288681030273267
9485,65.28,65.21088,Kab. Bandung Barat,Lembang,0.06912353515625114
983,69.72,69.71823,Kota Bandung,Bojongloa Kaler,0.0017687988281238631
7857,47.19,47.145264,Kab. Indramayu,Bongas,0.044736328124997726
87,70.51,70.51007,Kab. Bandung,Margaasih,-7.080078124488409e-05
5785,78.57,78.53868,Kota Sukabumi,Cikole,0.03131896972655568
9866,68.59,68.593506,Kota Cimahi,Cimahi Selatan,-0.0035058593749965894
1495,88.36,88.34196,Kota Bandung,Cibeunying Kidul,0.01804290771484318
565,76.82,76.78573,Kab. Bandung,Soreang,0.03427154541014943
4550,43.97,43.936157,Kab. Cirebon,Palimanan,0.03384277343749886
2293,57.75,57.844635,Kab. Bogor,Tenjolaya,-0.094635009765625
2005,44.98,45.166977,Kab. Bogor,Cigudeg,-0.18697692871094063
4183,27.62,27.576683,Kab. Tasikmalaya,Sukaraja,0.043316955566407245
4923,42.11,42.11625,Kab. Cirebon,Greged,-0.0062490844726568184
9190,50.75,50.671864,Kab. Karawang,Batujaya,0.07813644409179688
4783,44.73,44.78593,Kab. Cirebon,Lemahabang,-0.055930633544925
7282,52.78,52.972294,Kab. Majalengka,Sumberjaya,-0.1922938537597645
8567,37.83,37.83624,Kab. Purwakarta,Cibatu,-0.00623886108398608
1121,84.41,84.458534,Kota Bandung,Antapani,-0.04853424072265966
4895,51.86,51.845436,Kab. Cirebon,Talun,0.014563903808593182
5193,74.51,74.57215,Kota Cirebon,Kejaksan,-0.062151184082026134
7817,59.32,59.285698,Kab. Indramayu,Terisi,0.034302062988281534
8718,69.66,69.62425,Kab. Purwakarta,Tegalwaru,0.03574768066405909
8589,37.83,37.84788,Kab. Purwakarta,Cibatu,-0.01788131713867358
6254,39.55,39.783005,Kab. Garut,Sukawening,-0.23300476074219034
6771,53.07,53.041138,Kab. Kuningan,Selajambe,0.028862304687500284
8920,63.84,63.785343,Kab. Karawang,Pangkalan,0.054656829833987786
6466,28.49,28.498505,Kab. Ciamis,Jatinagara,-0.008504638671876563
5106,61.88,61.950783,Kota Cirebon,Harjamukti,-0.07078277587890369
7262,63.52,63.403572,Kab. Majalengka,Malausma,0.11642791748047188
3292,79.55,79.56484,Kota Bekasi,Jatisampurna,-0.014842224121096592
3395,81.04,80.9955,Kota Bekasi,Pondok Melati,0.04450134277344375
5862,40.08,40.071243,Kota Sukabumi,Cibeureum,0.008756713867185795
5982,29.74,29.780699,Kab. Garut,Kadungora,-0.04069877624511875
5750,81.92,81.92081,Kota Sukabumi,Gunungpuyuh,-0.0008068847656232947
7778,53.87,53.793922,Kab. Indramayu,Gabuswetan,0.07607757568359119
4536,56.46,56.447693,Kab. Cirebon,Depok,0.012307128906250853
4109,44.37,44.420197,Kab. Tasikmalaya,Leuwisari,-0.05019653320312756
8510,45.64,45.696724,Kab. Subang,Tambakdahan,-0.05672393798828068
4156,50.26,50.14784,Kab. Tasikmalaya,Karangjaya,0.11216140747070114
9264,48.09,48.0465,Kab. Karawang,Pedes,0.04349884033203466
8541,52.54,53.216354,Kab. Subang,Pabuaran,-0.6763543701171884
134,51.25,51.34662,Kab. Bandung,Banjaran,-0.09661865234375
6453,32.25,32.202473,Kab. Ciamis,Panjalu,0.047527313232421875
9898,61.0,60.98632,Kota Cimahi,Cimahi Selatan,0.01367950439453125
8648,46.74,46.146206,Kab. Purwakarta,Plered,0.5937940979003926
6035,48.15,47.63857,Kab. Garut,Selaawi,0.5114311218261705
8725,63.94,63.99727,Kab. Purwakarta,Wanayasa,-0.057268676757814774
5637,43.87,43.962715,Kab. Sukabumi,Cikembar,-0.09271514892578381
4714,52.47,52.43282,Kab. Cirebon,Pangenan,0.03718063354492074
4514,48.86,48.808918,Kab. Cirebon,Depok,0.05108200073242131
1434,84.3,84.25284,Kota Bandung,Cibeunying Kaler,0.04716186523437216
2877,48.68,48.409344,Kab. Bekasi,Kedungwaringin,0.27065628051757784
8670,56.88,56.88174,Kab. Purwakarta,Sukatani,-0.001740570068356817
6920,34.3,34.162144,Kab. Kuningan,Sindangagung,0.13785629272460653
1138,84.41,84.46078,Kota Bandung,Antapani,-0.05077728271484716
3044,49.89,49.89757,Kab. Bekasi,Sukawangi,-0.0075715637207025566
3774,83.35,83.32336,Kota Depok,Limo,0.026643371582025566
4943,55.96,55.88289,Kab. Cirebon,Jamblang,0.07711120605468835
1126,84.41,84.45725,Kota Bandung,Antapani,-0.04725250244140966
5580,28.03,28.026968,Kab. Sukabumi,Cidolog,0.0030319976806651994
8310,50.65,50.728554,Kab. Subang,Pusakajaya,-0.07855377197265767
628,59.43,59.575565,Kab. Bandung,Ciwidey,-0.1455653381347659
3299,71.96,71.96846,Kota Bekasi,Jatisampurna,-0.008460083007818753
1274,84.28,84.07355,Kota Bandung,Gedebage,0.20645263671875114
6971,38.44,38.38464,Kab. Majalengka,Jatitujuh,0.05536026000976335
3731,76.4,76.33067,Kota Depok,Bojongsari,0.06932678222656818
3419,82.8,82.676025,Kota Depok,Beji,0.12397460937499716
662,59.49,59.38979,Kab. Bandung,Pasirjambu,0.10021041870117386
229,87.97,87.99694,Kab. Bandung,Arjasari,-0.026940612792969887
5441,35.11,34.91492,Kab. Sukabumi,Purabaya,0.1950791931152338
6133,41.94,42.012352,Kab. Garut,Pamulihan,-0.07235198974609602
9307,63.41,63.41281,Kab. Karawang,Tirtajaya,-0.0028112792968784106
5824,70.76,70.849174,Kota Sukabumi,Lembursitu,-0.08917449951171363
698,60.39,60.37806,Kab. Bandung,Cangkuang,0.011940612792969318
4684,42.39,42.34461,Kab. Cirebon,Mundu,0.04539169311523494
935,96.31,96.29961,Kota Bandung,Regol,0.010393676757814774
7854,47.19,47.136112,Kab. Indramayu,Bongas,0.0538877868652321
843,81.58,81.570595,Kota Bandung,Sukajadi,0.009405212402342045
6307,20.9,20.90777,Kab. Garut,Pangatikan,-0.007770156860352984
8213,80.01,80.148056,Kab. Subang,Ciasem,-0.13805603027343238
3978,50.44,50.48207,Kab. Tasikmalaya,Cibalong,-0.042070922851564774
1313,88.39,88.400444,Kota Bandung,Rancasari,-0.010444030761718182
903,72.21,72.173,Kota Bandung,Cidadap,0.0370034790039
3613,91.52,91.5406,Kota Depok,Cimanggis,-0.02060363769531648
5531,32.34,32.532787,Kab. Sukabumi,Curugkembar,-0.19278732299804346
6024,48.15,47.628796,Kab. Garut,Selaawi,0.5212043762207017
1648,47.34,47.293045,Kab. Bogor,Jonggol,0.04695495605469091
9761,50.36,50.398087,Kab. Bandung Barat,Gununghalu,-0.03808654785156307
5120,61.88,61.95279,Kota Cirebon,Harjamukti,-0.07278930664062244
6386,33.04,33.098686,Kab. Ciamis,Rajadesa,-0.0586862182617196
1203,80.01,79.985245,Kota Bandung,Cibiru,0.024755249023442616
383,59.88,59.864143,Kab. Bandung,Solokanjeruk,0.015856628417971308
7821,51.73,51.757305,Kab. Indramayu,Terisi,-0.027305145263675
3540,82.06,82.07823,Kota Depok,Sukmajaya,-0.018231811523435226
7289,45.19,45.060925,Kab. Majalengka,Sumberjaya,0.12907546997070085
418,40.17,40.18228,Kab. Bandung,Rancaekek,-0.012281494140623295
3986,50.44,50.43919,Kab. Tasikmalaya,Cibalong,0.0008100891113258513
1423,92.25,92.26222,Kota Bandung,Sukasari,-0.0122222900390625
7431,47.57,47.49853,Kab. Sumedang,Paseh,0.07146865844726591
3164,81.78,81.771,Kota Bekasi,Rawalumbu,0.008996276855469887
4494,56.16,56.183834,Kab. Cirebon,Weru,-0.023834075927737786
3777,83.35,83.328835,Kota Depok,Limo,0.021165466308588066
1477,88.36,88.352745,Kota Bandung,Cibeunying Kidul,0.0072549438476556816
956,88.72,88.71131,Kota Bandung,Regol,0.008688659667967613
5165,63.3,63.31723,Kota Cirebon,Pekalipan,-0.017230224609377842
1960,77.31,77.35664,Kab. Bogor,Leuwiliang,-0.046643676757810226
2954,64.09,64.068985,Kab. Bekasi,Karangbahagia,0.02101501464844091
1833,57.4,57.613544,Kab. Bogor,Kemang,-0.21354446411132955
7839,50.36,50.40185,Kab. Indramayu,Kertasemaya,-0.04185165405273494
8450,73.03,73.066666,Kab. Subang,Jalancagak,-0.03666564941406136
2906,76.93,76.985664,Kab. Bekasi,Bojongmangu,-0.05566436767577443
8119,23.87,23.837677,Kab. Subang,Cipunagara,0.032322998046875995
8293,48.96,48.94097,Kab. Subang,Pusakanagara,0.019028625488282103
3726,76.4,76.368286,Kota Depok,Bojongsari,0.031713867187505684
39,68.53,68.54832,Kab. Bandung,Cimenyan,-0.018316955566405113
7803,59.32,59.293194,Kab. Indramayu,Terisi,0.02680618286132841
6216,21.56,21.12862,Kab. Garut,Cikajang,0.4313798522949206
7407,26.85,26.839464,Kab. Sumedang,Pamulihan,0.010535812377931109
8799,58.65,59.125504,Kab. Karawang,Klari,-0.4755035400390639
4267,50.46,50.5931,Kota Tasikmalaya,Cihideung,-0.1331015014648429
7840,50.36,50.40974,Kab. Indramayu,Kertasemaya,-0.04974044799804744
7197,40.99,41.133472,Kab. Majalengka,Maja,-0.14347244262695114
6784,53.07,53.061543,Kab. Kuningan,Selajambe,0.00845748901367216
3756,84.0,84.021385,Kota Depok,Bojongsari,-0.02138519287109375
3784,83.35,83.31202,Kota Depok,Limo,0.037980651855463066
3108,76.1,76.18466,Kota Bekasi,Bekasi Barat,-0.08466186523438068
7800,51.73,51.77208,Kab. Indramayu,Terisi,-0.042079467773440626
6252,39.55,39.93452,Kab. Garut,Sukawening,-0.3845207214355497
8311,43.06,42.954334,Kab. Subang,Pusakajaya,0.10566574096679915
2551,55.93,55.968925,Kota Bogor,Bogor Barat,-0.038925476074219034
8305,43.06,42.93061,Kab. Subang,Pusakajaya,0.12938934326172102
9755,57.95,57.908596,Kab. Bandung Barat,Gununghalu,0.04140396118164347
9114,81.26,81.29472,Kab. Karawang,Majalaya,-0.034723510742182384
7438,47.57,47.488506,Kab. Sumedang,Paseh,0.08149368286132841
6803,65.7,65.68892,Kab. Kuningan,Ciwaru,0.011080932617190342
6909,28.64,28.714525,Kab. Kuningan,Cilebak,-0.07452522277831974
1850,55.05,55.05366,Kab. Bogor,Rancabungur,-0.003661346435549717
8138,60.52,60.511623,Kab. Subang,Purwadadi,0.008376617431643751
4102,24.14,24.338737,Kab. Tasikmalaya,Sukaratu,-0.19873748779296818
2744,70.2,70.158424,Kab. Bekasi,Cikarang Selatan,0.04157562255859659
63,74.74,74.35564,Kab. Bandung,Margahayu,0.3843634033203074
2073,61.01,61.008106,Kab. Bogor,Tenjo,0.0018937683105448855
6720,18.92,18.889599,Kab. Kuningan,Mandirancan,0.03040115356445483
7951,43.79,43.71781,Kab. Indramayu,Bangodua,0.0721884155273429
7370,52.75,52.727463,Kab. Sumedang,Cimanggung,0.0225372314453125
7068,39.37,39.45137,Kab. Majalengka,Sukahaji,-0.08137023925781506
7585,31.32,31.407017,Kab. Sumedang,Tanjungkerta,-0.08701675415039034
9701,70.83,70.85538,Kab. Bandung Barat,Rongga,-0.025377197265626705
3623,91.52,91.54327,Kota Depok,Cimanggis,-0.02326629638672273
110,59.11,59.13891,Kab. Bandung,Katapang,-0.02890838623046932
1215,89.98,90.00858,Kota Bandung,Ujungberung,-0.02858306884765227
33,60.93,60.90594,Kab. Bandung,Cimenyan,0.02405899047851534
2185,34.57,34.595993,Kab. Bogor,Rumpin,-0.025993041992187216
9685,50.78,50.742958,Kab. Bandung Barat,Cililin,0.03704193115234489
3894,41.92,41.900734,Kab. Tasikmalaya,Cisayong,0.019266052246095455
5049,58.34,58.36713,Kab. Cirebon,Karangwareng,-0.027130279541012214
8714,69.66,69.6286,Kab. Purwakarta,Tegalwaru,0.03139892578124659
7683,38.76,38.71187,Kab. Indramayu,Losarang,0.04813171386718551
703,60.39,60.358788,Kab. Bandung,Cangkuang,0.03121246337890682
892,79.81,79.82381,Kota Bandung,Cidadap,-0.013806762695310226
6280,18.02,18.006073,Kab. Garut,Blubur Limbangan,0.013927001953124574
3125,77.79,77.91456,Kota Bekasi,Bekasi Utara,-0.124558410644525
521,48.63,48.629204,Kab. Bandung,Cikancung,0.000796203613283808
5148,71.24,71.35528,Kota Cirebon,Kesambi,-0.11527801513672387
5021,70.81,70.77421,Kab. Cirebon,Gunungjati,0.035791931152346024
7317,51.03,51.048275,Kab. Sumedang,Sumedang Selatan,-0.018274993896483238
245,87.97,87.98753,Kab. Bandung,Arjasari,-0.017533569335938637
1840,57.4,57.609585,Kab. Bogor,Kemang,-0.2095848083496108
83,62.91,63.001225,Kab. Bandung,Margaasih,-0.09122451782226904
3593,84.88,84.89652,Kota Depok,Cilodong,-0.016522521972660797
2767,62.6,62.602585,Kab. Bekasi,Cikarang Selatan,-0.002584838867186079
1792,79.94,80.2,Kab. Bogor,Dramaga,-0.2599969482421898
328,71.36,71.03234,Kab. Bandung,Kertasari,0.3276589965820307
3580,92.47,92.47076,Kota Depok,Cilodong,-0.0007565307617198869
6115,34.35,34.317844,Kab. Garut,Pamulihan,0.032155609130860796
4405,62.53,62.495804,Kota Tasikmalaya,Tamansari,0.03419616699218864
268,74.5,74.603134,Kab. Bandung,Ibun,-0.1031341552734375
3724,84.0,84.0188,Kota Depok,Bojongsari,-0.018798828125
5660,26.83,26.75308,Kab. Sukabumi,Bojonggenteng,0.07691963195800611
282,74.5,74.55586,Kab. Bandung,Ibun,-0.0558624267578125
3528,74.47,74.45278,Kota Depok,Sukmajaya,0.017218322753905113
9935,58.67,58.721783,Kota Banjar,Banjar,-0.05178268432617017
7324,51.03,51.063793,Kab. Sumedang,Sumedang Selatan,-0.03379318237304574
9400,37.76,37.907333,Kab. Pangandaran,Cimerak,-0.1473333740234395
5592,24.85,24.8352,Kab. Sukabumi,Kalibunder,0.014800643920899859
9311,63.41,63.432495,Kab. Karawang,Tirtajaya,-0.02249511718750341
1058,73.88,73.87274,Kota Bandung,Kiaracondong,0.0072583007812454525
7605,31.32,31.42044,Kab. Sumedang,Tanjungkerta,-0.10044067382812472
6434,49.22,49.126823,Kab. Ciamis,Panawangan,0.09317657470703011
9674,85.71,85.61188,Kab. Bandung Barat,Cihampelas,0.09812255859374375
5754,74.33,74.32684,Kota Sukabumi,Gunungpuyuh,0.0031567382812482947
4025,45.07,44.386467,Kab. Tasikmalaya,Taraju,0.6835330200195315
6445,32.25,32.18915,Kab. Ciamis,Panjalu,0.060848236083984375
2527,50.91,51.421696,Kota Bogor,Bogor Selatan,-0.511695709228519
9567,84.15,84.14967,Kab. Bandung Barat,Cisarua,0.00032653808594318434
3157,81.78,81.773155,Kota Bekasi,Rawalumbu,0.006844787597657387
5851,40.08,40.06208,Kota Sukabumi,Cibeureum,0.017919616699217045
2721,70.2,70.16549,Kab. Bekasi,Cikarang Selatan,0.03451080322265909
4651,41.38,41.40391,Kab. Cirebon,Susukan,-0.023911590576169317
6463,39.85,40.306164,Kab. Ciamis,Panjalu,-0.45616378784179545
6879,52.93,52.785465,Kab. Kuningan,Japara,0.1445347595214841
3316,86.59,86.60506,Kota Bekasi,Mustika Jaya,-0.01505676269530909
4275,79.31,79.315796,Kota Tasikmalaya,Cipedes,-0.005795898437497726
4624,32.59,32.526325,Kab. Cirebon,Ciwaringin,0.06367477416992529
7205,25.43,25.22843,Kab. Majalengka,Banjaran,0.20157020568847628
4407,62.53,62.506226,Kota Tasikmalaya,Tamansari,0.023774414062501137
6681,16.16,16.102953,Kab. Kuningan,Darma,0.05704704284667983
2323,70.39,70.355576,Kab. Bogor,Sukarata,0.03442443847656307
5076,48.58,48.62592,Kab. Cirebon,Gegesik,-0.04591934204101733
5034,24.43,24.43305,Kab. Cirebon,Gunung Jati,-0.0030501556396487217
9143,52.46,52.388958,Kab. Karawang,Rengasdengklok,0.07104202270507898
4862,63.94,64.0708,Kab. Cirebon,Tengahtani,-0.13080078125000227
5256,10.26,10.232308,Kab. Sukabumi,Cidahu,0.02769161224365213
3243,89.86,89.77092,Kota Bekasi,Bantar Gebang,0.08908020019531193
1899,51.4,51.316048,Kab. Bogor,Tajurhalang,0.08395233154296733
2414,59.87,59.9361,Kab. Bogor,Cigombong,-0.06610000610351818
7153,45.27,45.407032,Kab. Majalengka,Cikijing,-0.13703201293945
5766,78.57,78.543106,Kota Sukabumi,Cikole,0.02689392089843068
7928,39.19,39.2135,Kab. Indramayu,Sliyeg,-0.023500976562502274
355,51.47,51.28693,Kab. Bandung,Ciparay,0.18306991577148324
6440,16.11,16.094013,Kab. Ciamis,Kawali,0.015986785888671307
7285,45.19,45.063,Kab. Majalengka,Sumberjaya,0.12700027465820085
8246,79.34,79.32923,Kab. Subang,Pamanukan,0.01076873779297216
8024,41.98,41.934624,Kab. Indramayu,Lelea,0.045376281738278124
3658,72.37,72.47703,Kota Depok,Tapos,-0.1070278930664017
1348,69.89,69.84035,Kota Bandung,Buahbatu,0.04965270996093807
6951,36.96,37.053253,Kab. Kuningan,Caracas,-0.09325317382812415
2453,55.35,55.293594,Kab. Bogor,Leuwisadeng,0.05640563964843892
1704,63.96,63.978985,Kab. Bogor,Parung,-0.018984832763671022
8476,62.69,62.64317,Kab. Subang,Cipeundeuy,0.04683059692382585
2612,67.77,67.75683,Kota Bogor,Bogor Tengah,0.013171691894527271
2296,57.75,57.877422,Kab. Bogor,Tenjolaya,-0.12742233276367188
7298,37.69,37.71443,Kab. Sumedang,Sumedang Utara,-0.024431762695314774
1354,69.89,69.829414,Kota Bandung,Buahbatu,0.06058563232421932
7348,43.44,43.41106,Kab. Sumedang,Sumedang Selatan,0.0289396667480446
4584,57.61,57.627575,Kab. Cirebon,Klangenan,-0.017574920654297443
625,59.43,59.610767,Kab. Bandung,Ciwidey,-0.1807673645019534
8605,51.31,50.79662,Kab. Purwakarta,Darangdan,0.5133805847167991
7062,54.89,54.879482,Kab. Majalengka,Cigasong,0.010517730712891193
6680,23.76,24.006033,Kab. Kuningan,Darma,-0.24603294372558437
8241,86.93,86.89002,Kab. Subang,Pamanukan,0.03997772216797557
5945,19.78,19.788559,Kab. Garut,Banyuresmi,-0.008558959960936363
790,65.5,65.540985,Kota Bandung,Bandung Wetan,-0.040985107421875
7941,55.52,55.575954,Kab. Indramayu,Sindang,-0.05595443725585625
3183,81.78,81.81102,Kota Bekasi,Rawalumbu,-0.031019897460936363
1460,88.36,88.35093,Kota Bandung,Cibeunying Kidul,0.009070739746093182
1592,62.26,62.286533,Kab. Bogor,Gunung Putri,-0.026533355712892615
2130,83.33,83.550644,Kab. Bogor,Jasinga,-0.2206439208984392
4120,44.37,44.446518,Kab. Tasikmalaya,Leuwisari,-0.07651794433594006
9814,86.76,86.74777,Kota Cimahi,Cimahi Utara,0.012227783203130116
8634,44.79,44.788967,Kab. Purwakarta,Maniis,0.0010328674316397723
3215,70.95,70.89728,Kota Bekasi,Medan Satria,0.05272216796875284
8781,53.88,53.93319,Kab. Karawang,Karawang Barat,-0.05318939208984119
7372,45.16,45.143955,Kab. Sumedang,Cimanggung,0.016044769287105964
9132,52.27,52.371056,Kab. Karawang,Rawamerta,-0.10105560302734062
8448,73.03,73.03247,Kab. Subang,Jalancagak,-0.002470703124998863
8615,58.0,58.814976,Kab. Purwakarta,Jatiluhur,-0.8149757385253906
6357,32.8,31.117186,Kab. Ciamis,Sadananya,1.68281440734863
1620,54.67,54.65385,Kab. Bogor,Gunung Putri,0.01614944458007983
3336,86.59,86.5959,Kota Bekasi,Mustika Jaya,-0.005901489257809089
2021,44.98,45.134857,Kab. Bogor,Cigudeg,-0.15485717773437813
4970,52.31,52.36365,Kab. Cirebon,Dukupuntang,-0.05365127563476335
642,74.16,74.14756,Kab. Bandung,Rancabali,0.01243988037109034
8020,49.57,49.5541,Kab. Indramayu,Lelea,0.015899963378906534
278,82.1,82.05224,Kab. Bandung,Ibun,0.047761535644525566
5817,38.71,38.79959,Kota Sukabumi,Baros,-0.08959106445312415
3074,91.43,91.409836,Kota Bekasi,Bekasi Timur,0.02016418457031932
1983,67.69,67.66556,Kab. Bogor,Nanggung,0.024442138671872726
5892,19.35,19.122486,Kab. Garut,Karangpawitan,0.2275138854980483
8924,56.25,56.223152,Kab. Karawang,Pangkalan,0.02684783935546875
1443,76.71,76.78772,Kota Bandung,Cibeunying Kaler,-0.07771972656250625
213,78.89,78.84988,Kab. Bandung,Pangalengan,0.04012359619140682
123,59.11,59.10135,Kab. Bandung,Katapang,0.008651123046874432
5917,19.78,19.767952,Kab. Garut,Banyuresmi,0.012048034667969887
1077,73.88,73.90416,Kota Bandung,Kiaracondong,-0.024159545898442047
7257,63.52,63.41243,Kab. Majalengka,Malausma,0.10757019042969063
9184,58.34,58.338894,Kab. Karawang,Batujaya,0.0011061096191440356
8089,60.88,60.8229,Kab. Subang,Kalijati,0.05710113525390881
5727,24.64,24.54529,Kab. Sukabumi,Cibitung,0.09471000671386776
531,48.63,48.630558,Kab. Bandung,Cikancung,-0.000558013916013067
9743,64.24,64.2966,Kab. Bandung Barat,Sindangkerta,-0.056600341796880116
6815,29.66,29.523682,Kab. Kuningan,Cibingbin,0.13631835937500014
2891,57.23,57.285156,Kab. Bekasi,Cibarusah,-0.055156250000003126
3544,82.06,82.07082,Kota Depok,Sukmajaya,-0.010823669433591476
751,73.09,73.06993,Kota Bandung,Bandung Wetan,0.02006896972656591
4827,43.79,44.064163,Kab. Cirebon,Ciledug,-0.27416320800781335
5655,26.83,26.761456,Kab. Sukabumi,Bojonggenteng,0.06854446411132642
3189,81.78,81.81072,Kota Bekasi,Rawalumbu,-0.030722351074217613
5495,23.56,23.527353,Kab. Sukabumi,Waluran,0.03264671325683466
2619,67.77,67.78213,Kota Bogor,Bogor Tengah,-0.012127380371097729
4667,36.06,36.132835,Kab. Cirebon,Sedong,-0.07283538818359148
5230,35.15,35.29459,Kab. Sukabumi,Cisolok,-0.14458999633789205
3837,92.41,92.40115,Kota Depok,Cinere,0.00884643554687159
377,52.29,52.27334,Kab. Bandung,Solokanjeruk,0.016661682128905397
6984,10.6,10.614579,Kab. Majalengka,Kertajati,-0.014579200744629262
3192,70.95,70.921,Kota Bekasi,Medan Satria,0.029002380371096592
1327,77.49,77.52824,Kota Bandung,Buahbatu,-0.038236389160161366
7827,60.99,61.023712,Kab. Indramayu,Widasari,-0.03371215820312301
1265,86.94,86.96999,Kota Bandung,Mandalajati,-0.029993591308596024
7491,50.77,50.767807,Kab. Sumedang,Tomo,0.0021929931640656264
1885,55.05,55.06235,Kab. Bogor,Rancabungur,-0.012351226806643467
9870,68.59,68.623085,Kota Cimahi,Cimahi Selatan,-0.03308502197265284
6003,26.85,27.001793,Kab. Garut,Leuwigoong,-0.15179290771484233
1702,56.37,56.38277,Kab. Bogor,Parung,-0.012770538330080683
6676,34.41,34.41145,Kab. Kuningan,Kramatmulya,-0.0014494323730502856
8650,49.56,49.692543,Kab. Purwakarta,Pondoksalam,-0.13254302978515398
9240,40.5,40.565296,Kab. Karawang,Pedes,-0.06529617309570312
250,63.37,63.174408,Kab. Bandung,Cimaung,0.19559204101562244
7565,32.51,32.722645,Kab. Sumedang,Situraja,-0.21264480590820511
4565,50.01,49.973824,Kab. Cirebon,Klangenan,0.03617645263671676
822,77.03,76.895386,Kota Bandung,Andir,0.13461425781250114
5631,51.47,51.471523,Kab. Sukabumi,Cikembar,-0.0015232849121105119
343,64.44,64.42951,Kab. Bandung,Pacet,0.010487976074216476
365,59.88,59.882584,Kab. Bandung,Solokanjeruk,-0.002583618164059942
2994,63.07,62.998486,Kab. Bekasi,Tambelang,0.07151443481445341
9922,51.08,50.703922,Kota Banjar,Banjar,0.37607772827148267
6767,42.0,41.970947,Kab. Kuningan,Nusaherang,0.029052734375
5397,7.59,7.9352202,Kab. Sukabumi,Sagaranten,-0.345220241546631
6330,28.36,28.345282,Kab. Ciamis,Ciamis,0.014718399047850994
7580,55.39,55.426563,Kab. Sumedang,Ganeas,-0.03656326293945256
2590,55.93,55.964653,Kota Bogor,Bogor Barat,-0.034653015136719034
5015,63.21,63.242886,Kab. Cirebon,Gunungjati,-0.03288558959960852
2029,44.98,45.14108,Kab. Bogor,Cigudeg,-0.1610789489746125
7631,59.37,59.37948,Kab. Sumedang,Buahdua,-0.009478454589846308
5218,41.17,41.044025,Kab. Sukabumi,Cikakak,0.12597457885742358
4346,48.29,48.32649,Kota Tasikmalaya,Bungursari,-0.03648849487304773
9563,76.55,76.58901,Kab. Bandung Barat,Cisarua,-0.03901214599609659
7105,68.09,67.84474,Kab. Majalengka,Sindangwangi,0.2452581787109409
6944,36.96,37.096043,Kab. Kuningan,Caracas,-0.13604263305663977
3355,78.99,78.88856,Kota Bekasi,Mustika Jaya,0.10144256591796363
9216,72.05,71.983154,Kab. Karawang,Jayakerta,0.06684570312499716
2508,61.83,61.790802,Kota Bogor,Bogor Utara,0.039197998046873295
5052,58.34,58.34728,Kab. Cirebon,Karangwareng,-0.007278594970699714
8938,48.41,48.501244,Kab. Karawang,Tegalwaru,-0.09124359130859716
5687,17.49,17.539913,Kab. Sukabumi,Ciambar,-0.04991317749023594
5517,50.9,50.972294,Kab. Sukabumi,Ciracap,-0.07229385375976705
1564,80.08,80.060036,Kab. Bogor,Cibinong,0.019964294433592045
4821,51.38,51.263824,Kab. Cirebon,Ciledug,0.11617553710937756
6738,38.77,38.760254,Kab. Kuningan,Pancalang,0.009746093750003126
6852,15.6,15.57264,Kab. Kuningan,Kalimanggis,0.02735958099365199
4687,42.39,42.346077,Kab. Cirebon,Mundu,0.04392303466796932
5722,21.8,22.271244,Kab. Sukabumi,Sirnaresmi,-0.4712440490722649
806,96.21,96.214005,Kota Bandung,Cicendo,-0.004004516601568753
1719,63.96,63.941555,Kab. Bogor,Parung,0.018444976806641478
4393,70.13,70.19539,Kota Tasikmalaya,Tamansari,-0.06538879394531705
910,54.26,54.26917,Kota Bandung,Lengkong,-0.009168853759767615
5436,25.63,25.680424,Kab. Sukabumi,Pabuaran,-0.05042373657226662
8327,44.56,44.618225,Kab. Subang,Blanakan,-0.058225097656247726
1079,73.88,73.880775,Kota Bandung,Kiaracondong,-0.0007754516601607975
8919,63.84,63.796635,Kab. Karawang,Pangkalan,0.043365325927737786
6608,38.92,39.06363,Kab. Kuningan,Cigugur,-0.1436291503906233
7694,38.76,38.724197,Kab. Indramayu,Losarang,0.03580261230468551
1691,56.37,56.37658,Kab. Bogor,Parung,-0.006579284667971308
1070,73.88,73.90206,Kota Bandung,Kiaracondong,-0.022061462402348297
4709,52.47,52.426987,Kab. Cirebon,Pangenan,0.04301330566406136
4878,71.53,71.3363,Kab. Cirebon,Tengahtani,0.19369628906250114
8511,53.23,53.330997,Kab. Subang,Tambakdahan,-0.10099746704101875
650,74.16,74.176315,Kab. Bandung,Rancabali,-0.01631530761719091
6903,28.64,28.663946,Kab. Kuningan,Cilebak,-0.02394615173339787
4,55.4,55.304268,Kab. Bandung,Cileunyi,0.09573211669921733
9581,59.18,59.28678,Kab. Bandung Barat,Cikalongwetan,-0.10678131103515653
4830,43.79,43.990814,Kab. Cirebon,Ciledug,-0.20081420898437585
6318,56.04,56.57989,Kab. Garut,Sucinaraja,-0.5398912048339852
8883,54.2,54.24404,Kab. Karawang,Telukjambe Barat,-0.04404144287109091
3154,74.18,74.142876,Kota Bekasi,Rawalumbu,0.03712432861328807
6046,36.63,36.46206,Kab. Garut,Cibalong,0.1679409790039088
4307,67.77,67.74068,Kota Tasikmalaya,Mangkubumi,0.02932312011718352
5324,42.96,43.010117,Kab. Sukabumi,Kadudampit,-0.05011657714843665
6025,48.15,47.57908,Kab. Garut,Selaawi,0.5709213256835923
3618,91.52,91.54318,Kota Depok,Cimanggis,-0.02318237304687898
5458,27.81,27.76181,Kab. Sukabumi,Lengkong,0.04818969726562372
2255,72.66,72.630905,Kab. Bogor,Cibungbulang,0.02909484863280909
1297,80.8,80.55547,Kota Bandung,Rancasari,0.2445266723632784
5653,34.43,34.75328,Kab. Sukabumi,Bojonggenteng,-0.3232806396484378
2928,69.33,69.27094,Kab. Bekasi,Bojongmangu,0.059057312011717045
5881,13.51,13.5073395,Kab. Garut,Garut Kota,0.002660522460937287
8585,37.83,37.8835,Kab. Purwakarta,Cibatu,-0.053499145507814205
2995,70.67,70.68979,Kab. Bekasi,Tambelang,-0.019788818359373295
8250,79.34,79.34811,Kab. Subang,Pamanukan,-0.00810638427734034
8934,56.0,55.92305,Kab. Karawang,Tegalwaru,0.0769500732421875
5897,29.25,29.232998,Kab. Garut,Wanaraja,0.017002105712890625
8271,48.96,48.930912,Kab. Subang,Pusakanagara,0.029087982177735228
2887,57.23,57.26208,Kab. Bekasi,Cibarusah,-0.0320811462402375
4861,35.24,35.384098,Kab. Cirebon,Kapetakan,-0.14409805297851364
671,67.98,67.98063,Kab. Bandung,Cangkuang,-0.000628967285152271
1847,55.05,55.05573,Kab. Bogor,Rancabungur,-0.005728912353518467
6561,43.21,43.17997,Kab. Ciamis,Banjarsari,0.030030212402344603
3204,70.95,70.915436,Kota Bekasi,Medan Satria,0.03456420898437784
639,81.75,81.76151,Kab. Bandung,Rancabali,-0.01151275634765625
4756,40.69,40.79079,Kab. Cirebon,Gebang,-0.1007905578613304
4155,42.67,42.866814,Kab. Tasikmalaya,Karangjaya,-0.19681365966796704
8488,65.65,65.65902,Kab. Subang,Kasomalang,-0.009019470214838066
5743,81.92,81.91535,Kota Sukabumi,Gunungpuyuh,0.004648132324220455
725,60.39,60.377613,Kab. Bandung,Cangkuang,0.012386932373047443
3041,42.29,42.374424,Kab. Bekasi,Sukawangi,-0.08442398071289148
7541,37.73,37.809914,Kab. Sumedang,Cibugel,-0.07991363525390938
5883,11.76,11.849697,Kab. Garut,Karangpawitan,-0.08969711303710959
9879,68.59,68.59625,Kota Cimahi,Cimahi Selatan,-0.006252441406246589
9154,52.46,52.38468,Kab. Karawang,Rengasdengklok,0.0753182983398446
9629,56.35,56.36476,Kab. Bandung Barat,Ngamprah,-0.014761352539061079
6329,35.95,35.96287,Kab. Ciamis,Ciamis,-0.012871551513669033
9172,58.34,58.329205,Kab. Karawang,Batujaya,0.010795440673831536
2019,37.38,37.423313,Kab. Bogor,Cigudeg,-0.04331314086913807
1967,69.71,69.654106,Kab. Bogor,Leuwiliang,0.055893859863275
587,69.23,69.26758,Kab. Bandung,Soreang,-0.03757812499999602
6746,27.19,27.164282,Kab. Kuningan,Cipicung,0.02571815490722784
2556,48.34,48.32731,Kota Bogor,Bogor Barat,0.01269134521484716
9794,46.3,46.34567,Kab. Bandung Barat,Cipatat,-0.04566879272461222
9613,56.35,56.35755,Kab. Bandung Barat,Ngamprah,-0.007551574707029829
734,60.39,60.35854,Kab. Bandung,Cangkuang,0.03146041870117244
3030,49.89,49.872646,Kab. Bekasi,Sukawangi,0.017353668212891193
1966,69.71,69.663284,Kab. Bogor,Leuwiliang,0.04671569824218125
3733,76.4,76.37019,Kota Depok,Bojongsari,0.029806518554693184
2528,43.32,43.25448,Kota Bogor,Bogor Selatan,0.06552154541015653
3470,72.32,72.340065,Kota Depok,Pancoran Mas,-0.02006500244141307
2316,70.39,70.36946,Kab. Bogor,Sukarata,0.02053894042968807
9583,59.18,59.28272,Kab. Bandung Barat,Cikalongwetan,-0.10271865844726591
5702,25.08,25.06193,Kab. Sukabumi,Ciambar,0.018070297241209232
2554,55.93,55.951244,Kota Bogor,Bogor Barat,-0.02124435424804716
6242,31.18,31.225594,Kab. Garut,Pasirwangi,-0.045593566894531534
533,48.63,48.603508,Kab. Bandung,Cikancung,0.026492004394533808
4863,71.53,71.38048,Kab. Cirebon,Tengahtani,0.14952209472656364
3120,85.38,85.33567,Kota Bekasi,Bekasi Utara,0.0443295288085892
7902,46.94,47.046368,Kab. Indramayu,Juntinyuat,-0.10636764526367415
9055,44.22,44.18062,Kab. Karawang,Cilamaya Wetan,0.03938171386718636
8659,56.88,56.881245,Kab. Purwakarta,Sukatani,-0.001244659423825567
8307,43.06,42.876026,Kab. Subang,Pusakajaya,0.18397384643554915
9996,58.88,58.955494,Kota Banjar,Langensari,-0.07549392700195057
9206,45.04,45.00792,Kab. Karawang,Pakisjaya,0.03208068847656165
4869,71.53,71.375374,Kab. Cirebon,Tengahtani,0.1546261596679699
8346,52.15,52.04905,Kab. Subang,Blanakan,0.10095062255859233
8921,63.84,63.76732,Kab. Karawang,Pangkalan,0.07268127441406591
684,67.98,67.9772,Kab. Bandung,Cangkuang,0.002796630859378979
7256,49.34,49.35756,Kab. Majalengka,Sindang,-0.01755920410155909
6930,26.71,26.741781,Kab. Kuningan,Sindangagung,-0.031781234741210085
4724,44.87,44.88066,Kab. Cirebon,Pangenan,-0.010661010742190058
8388,62.74,62.87476,Kab. Subang,Patokbeusi,-0.13475967407226364
379,52.29,52.279263,Kab. Bandung,Solokanjeruk,0.010737457275389772
4135,37.95,37.937927,Kab. Tasikmalaya,Sariwangi,0.012072753906252842
6959,51.73,51.431835,Kab. Majalengka,Majalengka,0.29816482543945
2054,44.98,44.94651,Kab. Bogor,Cigudeg,0.033489685058590624
7302,45.29,45.328346,Kab. Sumedang,Sumedang Utara,-0.0383462524414071
7189,60.14,60.14958,Kab. Majalengka,Argapura,-0.009578094482421307
2566,48.34,48.31569,Kota Bogor,Bogor Barat,0.02431091308594091
1066,66.28,66.29592,Kota Bandung,Kiaracondong,-0.015921325683592613
8314,43.06,42.969906,Kab. Subang,Pusakajaya,0.0900941467285179
6409,29.6,29.83583,Kab. Ciamis,Tambaksari,-0.23583068847656108
563,76.82,76.792534,Kab. Bandung,Soreang,0.02746612548827443
4989,70.81,70.7844,Kab. Cirebon,Gunungjati,0.025599060058596024
8082,60.88,60.816425,Kab. Subang,Kalijati,0.06357467651367443
836,81.58,81.558,Kota Bandung,Sukajadi,0.022001342773435795
5204,29.26,29.331835,Kab. Sukabumi,Palabuhanratu,-0.07183479309081875
3127,77.79,77.882126,Kota Bekasi,Bekasi Utara,-0.09212585449218125
8329,52.15,52.020985,Kab. Subang,Blanakan,0.12901535034179545
7490,43.17,43.16817,Kab. Sumedang,Tomo,0.0018290710449235803
6490,14.39,14.491836,Kab. Ciamis,Banjaranyar,-0.10183559417724553
162,58.84,58.78356,Kab. Bandung,Banjaran,0.05643829345703466
7929,39.19,39.177944,Kab. Indramayu,Sliyeg,0.012055816650388351
6094,54.59,54.554752,Kab. Garut,Mekarmukti,0.035247650146487786
7692,38.76,38.70586,Kab. Indramayu,Losarang,0.054139862060544885
1843,47.46,47.44585,Kab. Bogor,Rancabungur,0.014149627685547728
3936,33.08,33.075798,Kab. Tasikmalaya,Karangnunggal,0.004201965332029545
7388,41.96,42.07507,Kab. Sumedang,Rancakalong,-0.11506942749023352
3156,81.78,81.79322,Kota Bekasi,Rawalumbu,-0.013220520019530113
3069,91.43,91.45282,Kota Bekasi,Bekasi Timur,-0.02281982421874318
7867,54.78,54.867733,Kab. Indramayu,Bongas,-0.08773300170898324
5365,22.92,22.954727,Kab. Sukabumi,Jampangtengah,-0.034727172851560795
6358,25.2,25.18109,Kab. Ciamis,Sadananya,0.018910598754882102
1102,80.93,80.93876,Kota Bandung,Batununggal,-0.008758850097649429
1226,89.93,89.93247,Kota Bandung,Cinambo,-0.002472229003899429
1563,72.48,72.5731,Kab. Bogor,Cibinong,-0.09309722900390227
4392,70.13,70.159584,Kota Tasikmalaya,Tamansari,-0.029584045410160797
6892,26.41,26.427303,Kab. Kuningan,Maleber,-0.017303314208984233
2308,69.93,69.79741,Kab. Bogor,Babakan Madang,0.13259094238281932
8107,23.87,23.849146,Kab. Subang,Cipunagara,0.020854110717774432
2198,34.57,34.610798,Kab. Bogor,Rumpin,-0.04079788208007784
7453,47.07,47.088894,Kab. Sumedang,Cimalaka,-0.01889389038085909
6633,12.05,12.006426,Kab. Kuningan,Garawangi,0.0435741424560554
262,74.5,74.5993,Kab. Bandung,Ibun,-0.09929656982421875
354,59.06,59.212135,Kab. Bandung,Ciparay,-0.15213531494140398
4247,56.07,56.40521,Kab. Tasikmalaya,Cigalontang,-0.3352085876464841
4571,50.01,49.973812,Kab. Cirebon,Klangenan,0.036187896728513635
4656,28.46,28.458181,Kab. Cirebon,Sedong,0.0018186187744149152
3612,83.92,83.87263,Kota Depok,Cimanggis,0.047372741699220455
9600,66.78,66.666626,Kab. Bandung Barat,Cikalongwetan,0.11337402343750114
5901,29.25,29.232828,Kab. Garut,Wanaraja,0.017171859741210938
7073,39.37,39.4806,Kab. Majalengka,Sukahaji,-0.11059844970703381
69,70.51,70.50312,Kab. Bandung,Margaasih,0.006879577636723866
9444,25.74,25.676083,Kab. Pangandaran,Padaherang,0.06391738891601406
694,60.39,60.37271,Kab. Bandung,Cangkuang,0.01728881835937557
6277,25.61,25.723566,Kab. Garut,Blubur Limbangan,-0.11356605529785213
8544,52.54,53.226776,Kab. Subang,Pabuaran,-0.6867761230468759
5112,54.28,54.229942,Kota Cirebon,Harjamukti,0.05005767822265739
916,61.85,61.846092,Kota Bandung,Lengkong,0.003907775878907671
1386,84.8,84.78943,Kota Bandung,Bandung Kidul,0.010571289062497158
1117,88.53,88.52237,Kota Bandung,Batununggal,0.007630615234376137
5162,70.96,71.06438,Kota Cirebon,Lemahwungkuk,-0.10437683105469375
8206,72.42,72.357056,Kab. Subang,Ciasem,0.0629443359375017
6747,27.19,27.270103,Kab. Kuningan,Cipicung,-0.08010345458984247
1359,69.89,69.8376,Kota Bandung,Buahbatu,0.05239929199218807
9541,76.55,76.589386,Kab. Bandung Barat,Cisarua,-0.03938598632812784
2161,86.98,86.87622,Kab. Bogor,Parungpanjang,0.10377929687500398
8847,43.12,43.209957,Kab. Karawang,Kotabaru,-0.08995712280273693
2519,61.83,61.80863,Kota Bogor,Bogor Utara,0.021368103027342045
3673,78.36,78.42412,Kota Depok,Sawangan,-0.06411804199218807
4165,18.92,18.987267,Kab. Tasikmalaya,Tanjungjaya,-0.06726654052734204
3788,83.35,83.334404,Kota Depok,Limo,0.015596008300775566
6387,40.64,40.599434,Kab. Ciamis,Rajadesa,0.04056610107421932
7539,37.73,37.812614,Kab. Sumedang,Cibugel,-0.08261444091797188
9356,50.46,51.056038,Kab. Karawang,Telagasari,-0.5960379028320304
1284,88.39,88.39066,Kota Bandung,Rancasari,-0.0006631469726556816
753,65.5,65.558334,Kota Bandung,Bandung Wetan,-0.0583343505859375
5368,30.52,30.54271,Kab. Sukabumi,Jampangtengah,-0.022709350585937926
2979,62.26,62.2955,Kab. Bekasi,Serang Baru,-0.03550170898437699
2369,81.31,81.267586,Kab. Bogor,Tanjungsari,0.042414245605471024
613,93.0,92.94704,Kab. Bandung,Kutawaringin,0.0529632568359375
9345,75.71,75.67233,Kab. Karawang,Cibuaya,0.03766723632811875
4149,24.78,24.430218,Kab. Tasikmalaya,Gunung Tanjung,0.34978225708007926
4513,52.68,52.913548,Kab. Cirebon,Plumbon,-0.2335475158691409
2774,65.88,65.88323,Kab. Bekasi,Tambun Selatan,-0.0032321166992232975
3436,75.21,75.36297,Kota Depok,Beji,-0.152968444824225
7446,39.47,39.42948,Kab. Sumedang,Cimalaka,0.04051849365234261
2315,77.99,78.00251,Kab. Bogor,Sukarata,-0.012510070800786366
4166,18.92,18.98365,Kab. Tasikmalaya,Tanjungjaya,-0.06365020751952954
8555,60.17,60.36782,Kab. Purwakarta,Babakancikao,-0.19782073974609204
3469,72.32,72.358826,Kota Depok,Pancoran Mas,-0.03882568359375682
7564,40.11,39.471188,Kab. Sumedang,Situraja,0.6388124084472651
5995,26.85,27.010744,Kab. Garut,Leuwigoong,-0.1607440948486314
5299,46.15,46.166122,Kab. Sukabumi,Nagrak,-0.01612243652343892
7756,42.78,42.578346,Kab. Indramayu,Haurgeulis,0.2016537475585949
9115,73.67,73.646835,Kab. Karawang,Majalaya,0.023164672851564205
4137,35.41,35.378338,Kab. Tasikmalaya,Sukaresik,0.031662139892574714
6647,39.87,39.8809,Kab. Kuningan,Ciawigebang,-0.010901336669924433
8282,56.56,56.598835,Kab. Subang,Pusakanagara,-0.03883499145507585
6763,42.0,41.99467,Kab. Kuningan,Nusaherang,0.005329132080078125
9042,44.22,44.176083,Kab. Karawang,Cilamaya Wetan,0.04391738891601449
5505,40.01,40.674526,Kab. Sukabumi,Simpenan,-0.6645262145996114
1825,64.99,64.90734,Kab. Bogor,Kemang,0.08265899658202613
3562,92.47,92.470955,Kota Depok,Cilodong,-0.0009548950195323869
3503,72.53,72.76957,Kota Depok,Cipayung,-0.2395693969726551
5357,22.92,22.911903,Kab. Sukabumi,Jampangtengah,0.008096618652345455
4504,63.76,63.80478,Kab. Cirebon,Weru,-0.04477905273437699
6987,10.6,10.602676,Kab. Majalengka,Kertajati,-0.0026763916015628553
316,47.45,47.533867,Kab. Bandung,Paseh,-0.08386688232421591
732,67.98,67.98712,Kab. Bandung,Cangkuang,-0.007121582031246021
7908,39.35,39.317314,Kab. Indramayu,Juntinyuat,0.03268585205078267
9258,48.09,48.04657,Kab. Karawang,Pedes,0.04343017578125341
1877,47.46,47.43346,Kab. Bogor,Rancabungur,0.026539764404297728
5665,26.83,26.773653,Kab. Sukabumi,Bojonggenteng,0.05634696960449048
5771,86.16,86.17643,Kota Sukabumi,Cikole,-0.01642974853515966
4765,22.34,22.278736,Kab. Cirebon,Losari,0.06126388549804673
4683,42.39,42.345474,Kab. Cirebon,Mundu,0.04452575683593807
211,78.89,78.86878,Kab. Bandung,Pangalengan,0.02121795654296932
6980,18.2,18.13562,Kab. Majalengka,Kertajati,0.06437988281249929
4361,48.29,48.328426,Kota Tasikmalaya,Bungursari,-0.03842636108398523
9469,57.69,57.727478,Kab. Bandung Barat,Lembang,-0.037478027343752274
6529,33.63,33.390087,Kab. Ciamis,Baregbeg,0.23991287231445568
4348,55.89,55.850937,Kota Tasikmalaya,Bungursari,0.03906311035156307
9987,66.47,66.44201,Kota Banjar,Langensari,0.027991027832030113
3944,33.08,33.06139,Kab. Tasikmalaya,Karangnunggal,0.01861007690429517
9025,44.22,44.217125,Kab. Karawang,Cilamaya Wetan,0.002875061035155113
6894,28.64,28.693262,Kab. Kuningan,Cilebak,-0.053262100219725994
6143,5.56,5.6634283,Kab. Garut,Cisompet,-0.10342830657959023
6857,23.19,23.179066,Kab. Kuningan,Kalimanggis,0.010934295654298154
2276,59.88,59.806793,Kab. Bogor,Ciampea,0.07320678710937756
8933,48.41,48.513214,Kab. Karawang,Tegalwaru,-0.10321411132812841
2733,62.6,62.602303,Kab. Bekasi,Cikarang Selatan,-0.002302551269529829
3468,72.32,72.36355,Kota Depok,Pancoran Mas,-0.04354827880860057
8156,40.93,40.93564,Kab. Subang,Pagaden,-0.005638427734375284
4868,63.94,64.095276,Kab. Cirebon,Tengahtani,-0.15527587890625227
730,67.98,67.991035,Kab. Bandung,Cangkuang,-0.011035461425777271
8384,62.74,62.784447,Kab. Subang,Patokbeusi,-0.04444671630859176
1972,60.1,60.097126,Kab. Bogor,Nanggung,0.002873992919923296
2378,73.71,73.78346,Kab. Bogor,Tanjungsari,-0.07346252441406875
2195,34.57,34.6316,Kab. Bogor,Rumpin,-0.061599426269530966
1883,47.46,47.441895,Kab. Bogor,Rancabungur,0.018105468750000853
9972,69.09,69.09688,Kota Banjar,Pataruman,-0.006878051757809089
4904,49.68,49.693455,Kab. Cirebon,Beber,-0.01345474243164091
8071,56.23,55.95245,Kab. Subang,Subang,0.2775502014160125
3690,78.36,78.42602,Kota Depok,Sawangan,-0.06601776123046932
1355,77.49,77.52677,Kota Bandung,Buahbatu,-0.036771545410161366
1296,88.39,88.39082,Kota Bandung,Rancasari,-0.0008233642578119316
2872,67.76,68.03811,Kab. Bekasi,Pebayuran,-0.27810882568358863
2778,58.29,58.287323,Kab. Bekasi,Tambun Selatan,0.0026770019531241473
9982,76.69,76.535835,Kota Banjar,Pataruman,0.15416473388671648
5194,74.51,74.56579,Kota Cirebon,Kejaksan,-0.055788269042963634
8349,44.56,44.625298,Kab. Subang,Blanakan,-0.06529754638671648
3020,49.89,49.865223,Kab. Bekasi,Sukawangi,0.024777069091797443
706,67.98,68.017006,Kab. Bandung,Cangkuang,-0.03700592041015227
5946,19.78,19.761686,Kab. Garut,Banyuresmi,0.01831367492675895
799,78.81,78.89617,Kota Bandung,Sumur Bandung,-0.08617156982421648
3222,89.86,89.80419,Kota Bekasi,Bantar Gebang,0.05580841064453068
2142,79.38,79.39246,Kab. Bogor,Parungpanjang,-0.012463684082035797
3304,78.99,78.88884,Kota Bekasi,Mustika Jaya,0.10116027832030738
4835,43.79,44.064594,Kab. Cirebon,Ciledug,-0.274594268798829
635,81.75,81.67592,Kab. Bandung,Rancabali,0.0740814208984375
6382,33.04,33.12149,Kab. Ciamis,Rajadesa,-0.08149047851562585
6484,25.48,25.249788,Kab. Ciamis,Pamarican,0.2302117156982426
5979,24.72,24.488909,Kab. Garut,Cilawu,0.23109123229980355
7813,59.32,59.349762,Kab. Indramayu,Terisi,-0.029761962890624716
1013,69.72,69.72802,Kota Bandung,Bojongloa Kaler,-0.008019714355469887
1863,47.46,47.454704,Kab. Bogor,Rancabungur,0.005295715332032103
227,87.97,87.99731,Kab. Bandung,Arjasari,-0.027306823730469887
3767,83.35,83.32747,Kota Depok,Limo,0.022531127929681816
6015,40.65,40.61087,Kab. Garut,Cibatu,0.03912963867187358
9359,58.06,58.014908,Kab. Karawang,Telagasari,0.045092163085939774
4515,48.86,48.895905,Kab. Cirebon,Depok,-0.03590454101562557
54,67.96,67.76827,Kab. Bandung,Bojongsoang,0.19172760009765
6007,40.65,40.65819,Kab. Garut,Cibatu,-0.008191680908204546
2273,52.29,52.361294,Kab. Bogor,Ciampea,-0.07129379272461023
7031,42.49,42.604286,Kab. Majalengka,Panyingkiran,-0.11428619384765426
6577,50.81,50.925495,Kab. Ciamis,Banjarsari,-0.11549514770507585
9654,56.39,56.14013,Kab. Bandung Barat,Batujajar,0.24987091064453182
3144,86.93,87.043495,Kota Bekasi,Bekasi Selatan,-0.11349517822264943
7079,39.37,39.43456,Kab. Majalengka,Sukahaji,-0.06455886840820568
9412,36.53,36.5325,Kab. Pangandaran,Cigugur,-0.002501220703123863
7320,51.03,51.03605,Kab. Sumedang,Sumedang Selatan,-0.006048889160155113
3982,50.44,50.4861,Kab. Tasikmalaya,Cibalong,-0.046099243164064774
5775,86.16,86.16408,Kota Sukabumi,Cikole,-0.004077758789065911
6311,48.44,48.426685,Kab. Garut,Sucinaraja,0.013314666748044601
1309,88.39,88.424774,Kota Bandung,Rancasari,-0.03477416992187443
8141,40.93,40.920357,Kab. Subang,Pagaden,0.009643249511718466
5753,81.92,81.91987,Kota Sukabumi,Gunungpuyuh,0.0001315307617204553
3594,92.47,92.46844,Kota Depok,Cilodong,0.0015628051757801131
9336,75.71,75.68791,Kab. Karawang,Cibuaya,0.022088012695306247
8295,48.96,48.926167,Kab. Subang,Pusakanagara,0.03383346557617273
4877,63.94,64.10834,Kab. Cirebon,Tengahtani,-0.16833740234375227
9666,85.71,85.37992,Kab. Bandung Barat,Cihampelas,0.3300790405273375
5344,34.88,34.85429,Kab. Sukabumi,Kebonpedes,0.025709991455080683
1814,62.66,62.66225,Kab. Bogor,Tamansari,-0.0022505187988315356
1370,84.8,84.797,Kota Bandung,Bandung Kidul,0.003002929687497158
5305,53.74,53.802887,Kab. Sukabumi,Nagrak,-0.06288696289062301
7420,60.58,60.579166,Kab. Sumedang,Conggeang,0.0008335876464826697
6625,40.09,40.431587,Kab. Kuningan,Lebakwangi,-0.34158721923827784
8040,51.1,51.036766,Kab. Indramayu,Balongan,0.06323394775390767
9665,85.71,85.36261,Kab. Bandung Barat,Cihampelas,0.34739013671874375
5742,81.92,81.920586,Kota Sukabumi,Gunungpuyuh,-0.0005856323242170447
8661,56.88,56.885036,Kab. Purwakarta,Sukatani,-0.005036468505856817
1971,67.69,67.688,Kab. Bogor,Nanggung,0.0019964599609352263
6072,22.8,22.858545,Kab. Garut,Caringin,-0.05854530334472585
168,58.84,58.79948,Kab. Bandung,Banjaran,0.040519561767581536
2529,54.19,54.234478,Kota Bogor,Bogor Timur,-0.04447799682617415
1571,72.48,72.65784,Kab. Bogor,Cibinong,-0.17783691406249602
9633,59.44,59.44764,Kab. Bandung Barat,Padalarang,-0.007639465332033524
9491,57.65,57.654224,Kab. Bandung Barat,Parongpong,-0.004224395751954546
3226,89.86,89.80097,Kota Bekasi,Bantar Gebang,0.05902801513671818
3073,91.43,91.44209,Kota Bekasi,Bekasi Timur,-0.012092895507805679
3563,92.47,92.477875,Kota Depok,Cilodong,-0.007874755859376137
429,47.76,47.764446,Kab. Bandung,Rancaekek,-0.0044462585449238645
6752,27.19,27.170954,Kab. Kuningan,Cipicung,0.019046249389649716
664,67.08,67.09857,Kab. Bandung,Pasirjambu,-0.018571777343751705
5279,35.39,35.375275,Kab. Sukabumi,Cibadak,0.014725341796875568
1110,88.53,88.516624,Kota Bandung,Batununggal,0.013375549316407387
4755,33.09,33.0956,Kab. Cirebon,Gebang,-0.005600128173824714
6918,38.35,38.304916,Kab. Kuningan,Cibeureum,0.04508361816406392
7268,69.11,69.17244,Kab. Majalengka,Ligung,-0.06243957519531307
2240,80.25,80.240105,Kab. Bogor,Cibungbulang,0.00989532470703125
1606,62.26,62.254913,Kab. Bogor,Gunung Putri,0.0050866699218730105
320,47.45,47.55229,Kab. Bandung,Paseh,-0.10229187011718466
9004,36.63,36.658,Kab. Karawang,Cilamaya Wetan,-0.028000946044919317
6196,33.33,33.339825,Kab. Garut,Banjarwangi,-0.00982467651367358
4434,65.73,65.789696,Kota Tasikmalaya,Cibeureum,-0.05969573974608977
6481,36.39,35.62202,Kab. Ciamis,Cipaku,0.7679792785644537
5001,63.21,63.255173,Kab. Cirebon,Gunungjati,-0.04517272949218665
7923,39.19,39.221497,Kab. Indramayu,Sliyeg,-0.031496582031252274
6509,60.18,60.192802,Kab. Ciamis,Purwadadi,-0.012802429199219034
9616,56.35,56.39233,Kab. Bandung Barat,Ngamprah,-0.042330169677732954
4218,67.99,67.91224,Kab. Tasikmalaya,Kadipaten,0.07776092529296363
2396,51.36,51.448837,Kab. Bogor,Caringin,-0.08883728027343807
1015,77.32,77.33195,Kota Bandung,Bojongloa Kaler,-0.011947326660163071
1622,62.26,62.27293,Kab. Bogor,Gunung Putri,-0.012930145263673865
4382,70.13,70.170296,Kota Tasikmalaya,Tamansari,-0.0402957153320358
4768,45.13,45.196857,Kab. Cirebon,Babakan,-0.06685745239257557
9465,16.76,16.768744,Kab. Pangandaran,Sidamulih,-0.008743515014646874
1753,72.13,72.07277,Kab. Bogor,Megamendung,0.05723083496093295
3558,92.47,92.45548,Kota Depok,Cilodong,0.014517517089842613
8179,49.22,49.278683,Kab. Subang,Binong,-0.05868270874023551
1057,66.28,66.290474,Kota Bandung,Kiaracondong,-0.010473937988280113
2965,64.09,64.07465,Kab. Bekasi,Karangbahagia,0.01534637451172216
690,60.39,60.380013,Kab. Bandung,Cangkuang,0.009987487792969318
9856,68.59,68.587204,Kota Cimahi,Cimahi Selatan,0.0027960205078159106
818,77.03,76.75327,Kota Bandung,Andir,0.2767269897460949
9451,29.08,29.026495,Kab. Pangandaran,Kalipucang,0.05350502014159986
9373,37.87,37.734924,Kab. Karawang,Banyusari,0.13507568359374744
7501,50.66,50.592724,Kab. Sumedang,Ujungjaya,0.06727615356444971
8420,56.01,56.59781,Kab. Subang,Sagalaherang,-0.587808837890627
9077,45.97,46.019566,Kab. Karawang,Lemahabang,-0.04956558227539176
8320,56.21,56.2519,Kab. Subang,Legonkulon,-0.0418997192382804
9058,45.97,46.044754,Kab. Karawang,Lemahabang,-0.07475402832031364
8719,69.66,69.64622,Kab. Purwakarta,Tegalwaru,0.01378265380859034
6123,34.35,34.32235,Kab. Garut,Pamulihan,0.02765045166015767
2440,52.28,52.22591,Kab. Bogor,Cigombong,0.05408981323242301
1324,77.49,77.52248,Kota Bandung,Buahbatu,-0.032476196289067616
1166,68.18,68.19417,Kota Bandung,Arcamanik,-0.014168090820305679
336,64.44,64.42665,Kab. Bandung,Pacet,0.013348999023435226
2831,71.6,71.38941,Kab. Bekasi,Babelan,0.21058807373046307
6821,42.13,42.29638,Kab. Kuningan,Cimahi,-0.1663790893554662
7543,37.73,37.714188,Kab. Sumedang,Cibugel,0.015812377929684374
7654,37.33,37.339367,Kab. Sumedang,Jatinunggal,-0.00936691284179858
1407,90.81,91.099106,Kota Bandung,Margacinta,-0.2891058349609352
9740,56.65,56.481293,Kab. Bandung Barat,Sindangkerta,0.16870727539062358
2511,61.83,61.794277,Kota Bogor,Bogor Utara,0.03572280883788892
1262,86.94,86.85616,Kota Bandung,Mandalajati,0.08383697509765398
9087,53.57,53.437023,Kab. Karawang,Lemahabang,0.1329768371582034
9449,29.08,28.940104,Kab. Pangandaran,Kalipucang,0.13989646911620923
5757,86.16,86.17137,Kota Sukabumi,Cikole,-0.01137145996094091
3691,78.36,78.42574,Kota Depok,Sawangan,-0.06574310302734432
1535,98.76,98.75847,Kota Bandung,Panyileukan,0.001531372070317616
8328,52.15,52.041668,Kab. Subang,Blanakan,0.1083320617675767
6663,50.43,50.426838,Kab. Kuningan,Cilimus,0.0031620788574215908
6762,49.6,49.79389,Kab. Kuningan,Nusaherang,-0.19389190673827983
6869,49.26,49.410336,Kab. Kuningan,Ciniru,-0.15033554077148636
9483,57.69,57.767982,Kab. Bandung Barat,Lembang,-0.07798248291015852
978,77.32,77.33103,Kota Bandung,Bojongloa Kaler,-0.011031799316413071
591,69.23,69.271164,Kab. Bandung,Soreang,-0.04116394042968352
6178,33.33,33.33927,Kab. Garut,Banjarwangi,-0.009271545410157955
3150,94.53,94.49937,Kota Bekasi,Bekasi Selatan,0.030633239746094887
2709,62.6,62.628384,Kab. Bekasi,Cikarang Selatan,-0.028383636474607954
4171,18.92,19.018343,Kab. Tasikmalaya,Tanjungjaya,-0.09834297180175611
7749,54.76,54.76872,Kab. Indramayu,Anjatan,-0.008718719482423865
1069,73.88,73.90181,Kota Bandung,Kiaracondong,-0.021809692382817047
1143,84.41,84.46367,Kota Bandung,Antapani,-0.05366882324219091
947,96.31,96.29242,Kota Bandung,Regol,0.017580566406252274
3162,81.78,81.78633,Kota Bekasi,Rawalumbu,-0.006331176757811363
7522,52.04,51.71903,Kab. Sumedang,Wado,0.3209715270996085
7308,45.29,45.270588,Kab. Sumedang,Sumedang Utara,0.019412078857421022
2001,44.98,45.172203,Kab. Bogor,Cigudeg,-0.19220306396484688
2645,73.07,73.10624,Kota Bogor,Tanah Sareal,-0.03623931884766307
3266,52.47,52.458138,Kota Bekasi,Jatiasih,0.011862487792967613
1187,80.01,80.041176,Kota Bandung,Cibiru,-0.031175842285151134
2973,46.76,46.743954,Kab. Bekasi,Setu,0.016046295166013635
6974,46.04,44.93096,Kab. Majalengka,Jatitujuh,1.1090383911132804
5316,28.58,28.370834,Kab. Sukabumi,Sukabumi,0.2091656494140608
575,69.23,69.272385,Kab. Bandung,Soreang,-0.04238464355468352
457,40.17,40.15041,Kab. Bandung,Rancaekek,0.01959030151367358
3962,33.08,33.05309,Kab. Tasikmalaya,Karangnunggal,0.02691085815429517
8973,60.15,60.160133,Kab. Karawang,Cilamaya Kulon,-0.010133361816407671
2546,55.93,55.959263,Kota Bogor,Bogor Barat,-0.02926284790039091
4351,55.89,55.88735,Kota Tasikmalaya,Bungursari,0.0026518249511724434
9282,58.47,58.538116,Kab. Karawang,Cilebar,-0.06811645507812614
1977,67.69,67.66138,Kab. Bogor,Nanggung,0.028623046874997726
1870,47.46,47.494408,Kab. Bogor,Rancabungur,-0.0344076538085929
155,58.84,58.793003,Kab. Bandung,Banjaran,0.046996917724612786
6963,56.96,57.05882,Kab. Majalengka,Kadipaten,-0.09881881713867102
3295,79.55,79.57087,Kota Bekasi,Jatisampurna,-0.020869445800784092
7038,47.29,47.283398,Kab. Majalengka,Cigasong,0.006602325439452272
7132,47.03,47.084904,Kab. Majalengka,Palasah,-0.05490371704101449
9425,10.01,9.997368,Kab. Pangandaran,Langkaplancar,0.012632141113281037
8226,79.34,79.346214,Kab. Subang,Pamanukan,-0.006214294433590339
9847,78.68,78.4653,Kota Cimahi,Cimahi Tengah,0.21469848632813182
1747,67.54,67.61768,Kab. Bogor,Ciawi,-0.077683410644525
8836,48.63,48.666843,Kab. Karawang,Purwasari,-0.03684341430663807
2061,53.42,53.45642,Kab. Bogor,Tenjo,-0.036420898437498295
8353,37.08,36.949917,Kab. Subang,Sukasari,0.13008316040038892
32,68.53,68.57496,Kab. Bandung,Cimenyan,-0.04495880126953011
9437,47.21,47.12458,Kab. Pangandaran,Mangunjaya,0.0854196166992196
5236,27.56,27.159714,Kab. Sukabumi,Cisolok,0.4002862548828112
3510,82.06,82.06811,Kota Depok,Sukmajaya,-0.008107604980466476
791,78.81,78.85733,Kota Bandung,Sumur Bandung,-0.047330322265622726
4560,50.01,49.99636,Kab. Cirebon,Klangenan,0.01363922119140426
9570,76.55,76.588234,Kab. Bandung Barat,Cisarua,-0.03823394775390909
2923,76.93,76.97724,Kab. Bekasi,Bojongmangu,-0.04724151611327443
1793,72.35,71.31835,Kab. Bogor,Dramaga,1.0316482543945256
4534,56.46,56.485424,Kab. Cirebon,Depok,-0.025424041748046022
8691,77.26,77.267426,Kab. Purwakarta,Tegalwaru,-0.007425537109369884
5455,27.81,27.839027,Kab. Sukabumi,Lengkong,-0.02902740478515753
6495,14.39,14.492634,Kab. Ciamis,Banjaranyar,-0.10263381958007756
1952,69.71,69.67003,Kab. Bogor,Leuwiliang,0.03997131347655625
792,78.81,78.791595,Kota Bandung,Sumur Bandung,0.018404541015627274
8576,37.83,37.87644,Kab. Purwakarta,Cibatu,-0.04643814086914233
2576,55.93,55.956615,Kota Bogor,Bogor Barat,-0.02661544799804716
7877,54.78,54.855045,Kab. Indramayu,Bongas,-0.07504531860351449
6769,53.07,53.085876,Kab. Kuningan,Selajambe,-0.015876464843749716
1737,75.13,75.08586,Kab. Bogor,Ciawi,0.04413879394530795
7888,47.38,47.34433,Kab. Indramayu,Kedokanbunder,0.03567016601562756
7773,45.39,45.321774,Kab. Indramayu,Kroya,0.0682264709472662
3792,83.35,83.32002,Kota Depok,Limo,0.029977416992181816
681,67.98,67.99697,Kab. Bandung,Cangkuang,-0.01697113037108977
2267,80.25,80.24075,Kab. Bogor,Cibungbulang,0.009246826171875
6439,16.11,16.073494,Kab. Ciamis,Kawali,0.03650604248046818
1283,88.39,88.3773,Kota Bandung,Rancasari,0.012703552246094318
3974,58.04,57.615856,Kab. Tasikmalaya,Cibalong,0.4241438293457023
2292,50.15,50.244797,Kab. Bogor,Tenjolaya,-0.09479675292968892
5400,0.0,-0.096647635,Kab. Sukabumi,Sagaranten,0.09664763510227203
6269,14.88,14.827157,Kab. Garut,Cikelet,0.052842979431153125
3870,25.4,25.387629,Kab. Tasikmalaya,Sukarame,0.012371444702147016
3362,86.59,86.60876,Kota Bekasi,Mustika Jaya,-0.01875701904296534
1109,88.53,88.5214,Kota Bandung,Batununggal,0.008599548339844887
294,82.1,82.05536,Kab. Bandung,Ibun,0.044641113281244316
2620,75.37,75.26519,Kota Bogor,Bogor Tengah,0.1048098754882858
3917,17.9,17.890287,Kab. Tasikmalaya,Bantarkalong,0.009712600708006391
4798,43.93,43.81976,Kab. Cirebon,Susukanlebak,0.11024063110351534
5628,24.85,24.840212,Kab. Sukabumi,Kalibunder,0.009788131713868609
7466,49.37,49.414318,Kab. Sumedang,Cisarua,-0.04431808471679943
9845,86.27,86.65657,Kota Cimahi,Cimahi Tengah,-0.3865704345703165
6754,49.6,49.833836,Kab. Kuningan,Nusaherang,-0.2338356018066392
7691,46.36,46.37379,Kab. Indramayu,Losarang,-0.013790740966797443
373,59.88,59.8786,Kab. Bandung,Solokanjeruk,0.001398925781252558
2885,57.23,57.25748,Kab. Bekasi,Cibarusah,-0.02748062133789375
2065,53.42,53.423225,Kab. Bogor,Tenjo,-0.0032254028320295447
5635,43.87,43.920547,Kab. Sukabumi,Cikembar,-0.05054748535156506
9611,60.87,60.73665,Kab. Bandung Barat,Cipeundeuy,0.13335144042968494
4685,49.99,50.331703,Kab. Cirebon,Mundu,-0.34170318603515426
9589,59.18,59.293262,Kab. Bandung Barat,Cikalongwetan,-0.11326248168945341
4642,60.58,60.68394,Kab. Cirebon,Gempol,-0.10394088745117358
307,47.45,47.56629,Kab. Bandung,Paseh,-0.11629180908202841
3257,44.88,44.938362,Kota Bekasi,Jatiasih,-0.05836212158202869
2339,77.99,78.02506,Kab. Bogor,Sukarata,-0.035062561035161366
9639,67.04,66.98685,Kab. Bandung Barat,Padalarang,0.05315307617188125
9564,84.15,84.14613,Kab. Bandung Barat,Cisarua,0.0038665771484431843
1707,63.96,63.954857,Kab. Bogor,Parung,0.005143127441407103
1884,55.05,55.059658,Kab. Bogor,Rancabungur,-0.009658050537112217
918,54.26,54.220867,Kota Bandung,Lengkong,0.039132843017576135
3070,91.43,91.43059,Kota Bekasi,Bekasi Timur,-0.0005877685546806788
8912,63.84,63.75853,Kab. Karawang,Pangkalan,0.08147033691406591
4326,63.81,63.861927,Kota Tasikmalaya,Indihiang,-0.05192703247070085
9744,56.65,56.498165,Kab. Bandung Barat,Sindangkerta,0.1518348693847642
3101,76.1,76.24467,Kota Bekasi,Bekasi Barat,-0.14466705322266193
6524,26.04,26.082294,Kab. Ciamis,Baregbeg,-0.04229446411132898
8666,56.88,56.885983,Kab. Purwakarta,Sukatani,-0.005982513427731817
5387,39.56,39.394917,Kab. Sukabumi,Ciemas,0.16508346557617415
5267,23.57,23.588587,Kab. Sukabumi,Parungkuda,-0.01858680725097628
4677,56.41,56.360634,Kab. Cirebon,Astanajapura,0.04936614990234034
3707,84.0,84.01134,Kota Depok,Bojongsari,-0.0113372802734375
1019,69.72,69.71385,Kota Bandung,Bojongloa Kaler,0.006148071289061363
5682,17.49,17.517012,Kab. Sukabumi,Ciambar,-0.02701164245605625
1347,77.49,77.53653,Kota Bandung,Buahbatu,-0.046529541015630116
737,81.01,81.28058,Kota Bandung,Coblong,-0.2705786132812449
807,96.21,96.21291,Kota Bandung,Cicendo,-0.0029135131836000028
5998,26.85,26.980648,Kab. Garut,Leuwigoong,-0.13064804077148295
3465,64.73,64.68267,Kota Depok,Pancoran Mas,0.04732940673828523
3211,70.95,70.89167,Kota Bekasi,Medan Satria,0.05832977294922159
3751,84.0,84.0215,Kota Depok,Bojongsari,-0.0214996337890625
907,61.85,61.879494,Kota Bandung,Lengkong,-0.02949371337890483
1876,55.05,55.056885,Kab. Bogor,Rancabungur,-0.006884765625002842
2567,55.93,55.943798,Kota Bogor,Bogor Barat,-0.01379806518554716
3066,67.35,67.13594,Kab. Bekasi,Karangsentosa,0.21405944824218182
7976,45.59,45.449024,Kab. Indramayu,Cantigi,0.14097579956055029
9263,48.09,48.03211,Kab. Karawang,Pedes,0.057891693115237786
3123,85.38,85.33518,Kota Bekasi,Bekasi Utara,0.0448178100585892
6579,50.81,50.93736,Kab. Ciamis,Banjarsari,-0.1273588562011696
5341,42.48,42.293644,Kab. Sukabumi,Kebonpedes,0.18635604858398125
7077,46.97,46.78182,Kab. Majalengka,Sukahaji,0.18818161010742074
503,53.23,53.121017,Kab. Bandung,Nagreg,0.10898254394530937
9656,78.11,78.415016,Kab. Bandung Barat,Cihampelas,-0.3050161743164068
2471,80.13,80.162445,Kab. Bogor,Pamijahan,-0.03244506835937955
2964,64.09,64.06047,Kab. Bekasi,Karangbahagia,0.02952941894531591
7010,38.69,38.394955,Kab. Majalengka,Dawuan,0.29504531860351335
5734,74.33,74.31333,Kota Sukabumi,Gunungpuyuh,0.016668395996092045
9371,37.87,37.822258,Kab. Karawang,Banyusari,0.04774200439452869
1995,44.98,44.90945,Kab. Bogor,Cigudeg,0.0705494689941375
7423,52.98,52.754333,Kab. Sumedang,Conggeang,0.22566650390624687
6283,25.61,25.738487,Kab. Garut,Blubur Limbangan,-0.12848724365234432
4292,58.14,57.893536,Kota Tasikmalaya,Tawang,0.2464643859863287
433,47.76,47.764805,Kab. Bandung,Rancaekek,-0.0048048400878926145
5552,28.3,28.320066,Kab. Sukabumi,Cimanggu,-0.020066452026366477
5401,7.59,8.1136875,Kab. Sukabumi,Sagaranten,-0.5236875152587892
6069,22.8,22.83123,Kab. Garut,Caringin,-0.03123016357421804
5867,47.67,47.669865,Kota Sukabumi,Cibeureum,0.0001353454589860803
9460,16.76,16.763092,Kab. Pangandaran,Sidamulih,-0.003092041015623437
5810,46.3,46.282352,Kota Sukabumi,Baros,0.017647552490231533
6210,67.48,67.509254,Kab. Garut,Limbangan,-0.02925445556640227
7787,44.28,44.279434,Kab. Indramayu,Cikedung,0.0005657958984386369
9820,86.76,86.743744,Kota Cimahi,Cimahi Utara,0.016256103515630116
3309,86.59,86.60144,Kota Bekasi,Mustika Jaya,-0.01144042968749659
5748,74.33,74.32722,Kota Sukabumi,Gunungpuyuh,0.0027828979492170447
284,74.5,74.54805,Kab. Bandung,Ibun,-0.0480499267578125
8334,52.15,52.049778,Kab. Subang,Blanakan,0.10022201538085795
7314,43.44,43.424362,Kab. Sumedang,Sumedang Selatan,0.015637817382810226
7764,42.78,42.594296,Kab. Indramayu,Haurgeulis,0.18570449829101676
6064,22.8,22.800726,Kab. Garut,Caringin,-0.000725936889647727
5415,25.63,25.666943,Kab. Sukabumi,Pabuaran,-0.03694259643554787
9610,53.27,53.303326,Kab. Bandung Barat,Cipeundeuy,-0.03332565307616875
2653,69.77,69.75142,Kab. Bekasi,Cikarang Barat,0.01858093261718352
8518,45.64,45.669865,Kab. Subang,Tambakdahan,-0.029864654541015057
8978,67.75,67.77862,Kab. Karawang,Cilamaya Kulon,-0.02861785888671875
4674,64.0,64.15772,Kab. Cirebon,Astanajapura,-0.15772247314453125
686,60.39,60.37848,Kab. Bandung,Cangkuang,0.011520996093750568
7702,46.36,46.37083,Kab. Indramayu,Losarang,-0.010830535888672443
8495,65.65,65.66706,Kab. Subang,Kasomalang,-0.017060852050775566
8445,73.03,73.07926,Kab. Subang,Jalancagak,-0.04926177978515511
5996,26.85,26.98924,Kab. Garut,Leuwigoong,-0.13924064636230327
2134,83.33,83.50638,Kab. Bogor,Jasinga,-0.1763781738281267
9839,78.68,78.52749,Kota Cimahi,Cimahi Tengah,0.15251129150391307
5084,48.58,48.668312,Kab. Cirebon,Gegesik,-0.08831207275390796
6169,40.92,40.927174,Kab. Garut,Banjarwangi,-0.00717361450195142
6828,42.13,42.275772,Kab. Kuningan,Cimahi,-0.14577209472655994
5913,49.88,49.808933,Kab. Garut,Tarogong Kidul,0.07106674194336193
9367,45.46,45.602688,Kab. Karawang,Banyusari,-0.14268783569335852
106,70.51,70.50503,Kab. Bandung,Margaasih,0.004972229003911366
9661,78.11,78.194954,Kab. Bandung Barat,Cihampelas,-0.08495391845703182
6315,56.04,56.53841,Kab. Garut,Sucinaraja,-0.498410186767579
6058,30.4,30.27254,Kab. Garut,Caringin,0.12746086120605327
4997,70.81,70.78339,Kab. Cirebon,Gunungjati,0.026613769531252274
3548,74.47,74.45234,Kota Depok,Sukmajaya,0.017660827636717613
3530,82.06,82.08363,Kota Depok,Sukmajaya,-0.023633422851560226
4211,67.99,68.0005,Kab. Tasikmalaya,Kadipaten,-0.010503540039067616
4184,27.62,27.551968,Kab. Tasikmalaya,Sukaraja,0.06803237915039162
1363,84.8,84.80059,Kota Bandung,Bandung Kidul,-0.0005905151367215922
7717,38.94,38.85559,Kab. Indramayu,Sukra,0.08440917968749773
9230,64.46,64.5694,Kab. Karawang,Jayakerta,-0.10939697265625625
442,47.76,47.755894,Kab. Bandung,Rancaekek,0.0041062927246073855
407,69.58,69.561226,Kab. Bandung,Majalaya,0.018774108886717045
6321,43.06,43.39917,Kab. Garut,Karangtengah,-0.3391699218749977
1199,80.01,80.02307,Kota Bandung,Cibiru,-0.013071289062494884
6416,32.79,32.92852,Kab. Ciamis,Cisaga,-0.1385202026367196
8769,72.04,72.028755,Kab. Purwakarta,Sukasari,0.011244812011725003
9157,60.05,60.147095,Kab. Karawang,Rengasdengklok,-0.09709472656250284
1951,69.71,69.66878,Kab. Bogor,Leuwiliang,0.04122253417968125
7828,53.39,53.399273,Kab. Indramayu,Widasari,-0.009272918701171307
2631,75.37,75.31328,Kota Bogor,Bogor Tengah,0.05672180175781705
3541,82.06,82.08137,Kota Depok,Sukmajaya,-0.021367492675778976
2568,55.93,55.96732,Kota Bogor,Bogor Barat,-0.03731948852539091
9101,58.78,58.72831,Kab. Karawang,Tempuran,0.05169036865234489
8105,63.25,63.1474,Kab. Subang,Cibogo,0.10260009765625
7673,51.51,51.24648,Kab. Indramayu,Jatibarang,0.2635209655761699
1241,89.93,89.9334,Kota Bandung,Cinambo,-0.003403015136711929
9849,86.27,86.59963,Kota Cimahi,Cimahi Tengah,-0.32963226318359773
2561,55.93,55.95915,Kota Bogor,Bogor Barat,-0.02914840698242216
3381,88.1,88.09172,Kota Bekasi,Pondok Gede,0.008279418945306816
3549,82.06,82.10924,Kota Depok,Sukmajaya,-0.049237670898435226
1662,77.56,77.42784,Kab. Bogor,Cariu,0.13215881347656477
8580,30.24,30.250544,Kab. Purwakarta,Cibatu,-0.010543594360353126
2725,70.2,70.185524,Kab. Bekasi,Cikarang Selatan,0.014476013183596592
6395,33.31,33.308544,Kab. Ciamis,Sukadana,0.0014558410644553987
9126,59.87,59.825844,Kab. Karawang,Rawamerta,0.04415618896484119
9838,78.68,78.57445,Kota Cimahi,Cimahi Tengah,0.10555236816406932
6435,49.22,49.127346,Kab. Ciamis,Panawangan,0.09265396118163949
6248,31.95,31.867159,Kab. Garut,Sukawening,0.08284111022949148
9090,45.97,46.07573,Kab. Karawang,Lemahabang,-0.10572937011718864
7993,55.31,55.190414,Kab. Indramayu,Arahan,0.11958557128906477
8112,31.46,31.52323,Kab. Subang,Cipunagara,-0.06322959899902258
8546,44.95,44.86097,Kab. Subang,Pabuaran,0.08903045654297159
8729,56.34,55.91945,Kab. Purwakarta,Wanayasa,0.4205511474609409
1098,88.53,88.5252,Kota Bandung,Batununggal,0.004800109863282387
4887,51.86,51.84381,Kab. Cirebon,Talun,0.01618896484374943
1147,84.41,84.452805,Kota Bandung,Antapani,-0.04280456542969091
775,73.09,73.08999,Kota Bandung,Bandung Wetan,1.1291503909660605e-05
4044,39.71,39.723465,Kab. Tasikmalaya,Cipatujah,-0.013464965820311647
3994,58.04,57.608047,Kab. Tasikmalaya,Cibalong,0.43195251464843665
1119,88.53,88.51235,Kota Bandung,Batununggal,0.017648010253907387
6214,29.15,29.22344,Kab. Garut,Cikajang,-0.07344017028808736
9726,56.65,56.485725,Kab. Bandung Barat,Sindangkerta,0.16427459716796733
3699,84.0,84.01841,Kota Depok,Bojongsari,-0.01840972900390625
7246,56.93,56.974144,Kab. Majalengka,Sindang,-0.044143981933594034
5140,63.64,63.62779,Kota Cirebon,Kesambi,0.012211456298828693
6566,43.21,43.175842,Kab. Ciamis,Banjarsari,0.03415771484375085
7254,49.34,49.337914,Kab. Majalengka,Sindang,0.0020864868164096606
5847,40.08,40.057457,Kota Sukabumi,Cibeureum,0.022543029785154545
3286,79.55,79.55652,Kota Bekasi,Jatisampurna,-0.006518554687502842
6477,28.79,28.907515,Kab. Ciamis,Cipaku,-0.11751457214355554
2798,77.85,78.146774,Kab. Bekasi,Tambun Utara,-0.2967742919921932
4931,63.56,63.515827,Kab. Cirebon,Jamblang,0.04417282104492415
9062,45.97,46.053207,Kab. Karawang,Lemahabang,-0.08320739746093864
390,52.29,52.25866,Kab. Bandung,Solokanjeruk,0.0313406372070304
925,61.85,61.88382,Kota Bandung,Lengkong,-0.03381958007812358
5174,70.9,70.82649,Kota Cirebon,Pekalipan,0.07350769042969318
3740,84.0,84.023155,Kota Depok,Bojongsari,-0.02315521240234375
3950,40.67,40.674072,Kab. Tasikmalaya,Karangnunggal,-0.004072265624998295
1727,75.13,75.09758,Kab. Bogor,Ciawi,0.03242004394530795
7917,39.19,39.207787,Kab. Indramayu,Sliyeg,-0.017786560058596024
335,64.44,64.4286,Kab. Bandung,Pacet,0.011403503417966476
7581,31.32,31.41708,Kab. Sumedang,Tanjungkerta,-0.09707992553710909
9091,45.97,45.993713,Kab. Karawang,Lemahabang,-0.023713378906251137
7087,31.41,31.602299,Kab. Majalengka,Rajagaluh,-0.19229873657226548
7225,34.12,34.10208,Kab. Majalengka,Cingambul,0.017918701171872442
4680,56.41,56.334473,Kab. Cirebon,Astanajapura,0.07552734374999659
6103,29.64,29.597424,Kab. Garut,Pakenjeng,0.04257644653320369
580,76.82,76.79741,Kab. Bandung,Soreang,0.02259094238280568
6450,32.25,32.28348,Kab. Ciamis,Panjalu,-0.033481597900390625
1994,60.1,60.12036,Kab. Bogor,Nanggung,-0.02036132812499858
2394,58.95,58.903748,Kab. Bogor,Caringin,0.04625244140625284
3459,72.32,72.39479,Kota Depok,Pancoran Mas,-0.07479064941406932
9645,67.04,66.96674,Kab. Bandung Barat,Padalarang,0.073256530761725
7955,33.94,33.95017,Kab. Indramayu,Tukdana,-0.010168609619142899
1657,47.34,47.245888,Kab. Bogor,Jonggol,0.09411224365234716
7535,39.09,39.04514,Kab. Sumedang,Darmaraja,0.044860687255862786
6388,33.04,33.110603,Kab. Ciamis,Rajadesa,-0.0706033325195321
6975,46.04,44.980083,Kab. Majalengka,Jatitujuh,1.0599165344238273
5915,42.28,42.515785,Kab. Garut,Tarogong Kidul,-0.2357852172851551
4694,42.39,42.35709,Kab. Cirebon,Mundu,0.03291000366210994
1803,55.47,55.50133,Kab. Bogor,Ciomas,-0.03133132934570426
8721,56.34,55.900497,Kab. Purwakarta,Wanayasa,0.4395025634765659
1293,80.8,80.52493,Kota Bandung,Rancasari,0.27506713867187216
8804,51.05,51.02359,Kab. Karawang,Klari,0.026409912109372158
5372,22.92,22.896275,Kab. Sukabumi,Jampangtengah,0.02372543334961108
7614,49.78,49.8877,Kab. Sumedang,Tanjungmedar,-0.10769912719726449
3244,89.86,89.79475,Kota Bekasi,Bantar Gebang,0.06525360107421818
9752,64.24,64.27619,Kab. Bandung Barat,Sindangkerta,-0.036191711425786366
2211,42.16,42.13837,Kab. Bogor,Rumpin,0.021629486083980964
4399,70.13,70.15872,Kota Tasikmalaya,Tamansari,-0.028721923828129547
7563,32.51,32.595646,Kab. Sumedang,Situraja,-0.08564590454101761
4210,67.99,67.978226,Kab. Tasikmalaya,Kadipaten,0.011774291992182384
9644,59.44,59.476295,Kab. Bandung Barat,Padalarang,-0.036295471191408524
7096,39.01,38.934353,Kab. Majalengka,Rajagaluh,0.07564712524413864
7199,40.99,41.186142,Kab. Majalengka,Maja,-0.1961419677734355
6298,22.83,22.812313,Kab. Garut,Cibiuk,0.01768692016601392
7662,51.51,51.252914,Kab. Indramayu,Jatibarang,0.2570855712890605
966,92.52,92.469574,Kota Bandung,Astana Anyar,0.05042602539062102
2692,73.85,73.90723,Kab. Bekasi,Cikarang Utara,-0.057226562500005684
9320,63.41,63.413033,Kab. Karawang,Tirtajaya,-0.0030325317382846606
3946,33.08,33.082985,Kab. Tasikmalaya,Karangnunggal,-0.0029849243164079553
8083,60.88,60.821716,Kab. Subang,Kalijati,0.05828369140625256
1127,84.41,84.452896,Kota Bandung,Antapani,-0.04289611816406591
7757,50.37,50.454185,Kab. Indramayu,Haurgeulis,-0.08418548583984631
8070,34.15,34.21773,Kab. Indramayu,Karanganyar,-0.06773147583007955
8813,50.0,49.94105,Kab. Karawang,Cikampek,0.058948516845703125
6243,31.18,31.191998,Kab. Garut,Pasirwangi,-0.01199752807617216
7943,47.92,47.921062,Kab. Indramayu,Sindang,-0.0010624694824201697
5969,23.68,23.554995,Kab. Garut,Cigedug,0.1250054168701169
8047,51.1,51.03064,Kab. Indramayu,Balongan,0.06936035156250142
9139,48.2,48.258495,Kab. Karawang,Kutawaluya,-0.05849533081054403
1631,67.54,67.45411,Kab. Bogor,Citeureup,0.085890808105475
6907,36.23,35.969906,Kab. Kuningan,Cilebak,0.2600941467285125
5674,35.73,35.70101,Kab. Sukabumi,Parakansalak,0.028988342285153124
1474,88.36,88.35315,Kota Bandung,Cibeunying Kidul,0.0068505859374994316
7386,49.56,49.456497,Kab. Sumedang,Rancakalong,0.10350280761718977
5360,30.52,30.571651,Kab. Sukabumi,Jampangtengah,-0.0516514587402348
2947,64.09,64.093414,Kab. Bekasi,Karangbahagia,-0.0034143066406215894
2652,69.77,69.74527,Kab. Bekasi,Cikarang Barat,0.02473022460937102
207,71.29,71.40521,Kab. Bandung,Pangalengan,-0.11521240234374375
9210,45.04,44.976864,Kab. Karawang,Pakisjaya,0.06313613891601477
1897,59.0,59.13643,Kab. Bogor,Tajurhalang,-0.1364288330078125
7293,37.69,37.684387,Kab. Sumedang,Sumedang Utara,0.005612792968747726
9445,36.67,36.510395,Kab. Pangandaran,Kalipucang,0.15960494995117358
5115,61.88,61.94052,Kota Cirebon,Harjamukti,-0.06052124023437244
7486,50.77,50.79028,Kab. Sumedang,Tomo,-0.02027938842773125
888,79.81,79.81987,Kota Bandung,Cidadap,-0.009869995117185226
3118,85.38,85.358894,Kota Bekasi,Bekasi Utara,0.021105651855464203
6715,18.92,19.017073,Kab. Kuningan,Mandirancan,-0.09707267761230298
1153,84.41,84.45343,Kota Bandung,Antapani,-0.04343017578125341
1759,79.73,79.764366,Kab. Bogor,Megamendung,-0.03436614990233977
5907,16.54,16.782656,Kab. Garut,Tarogong Kaler,-0.24265571594238367
5980,24.72,24.585585,Kab. Garut,Cilawu,0.13441535949706918
8142,40.93,40.943752,Kab. Subang,Pagaden,-0.01375228881835966
5370,22.92,22.93808,Kab. Sukabumi,Jampangtengah,-0.018079833984373295
3408,81.04,80.99334,Kota Bekasi,Pondok Melati,0.0466604614257875
6367,5.77,5.8049917,Kab. Ciamis,Cidolog,-0.03499172210693402
9791,53.9,53.940815,Kab. Bandung Barat,Cipatat,-0.040814971923829546
2867,52.34,52.32504,Kab. Bekasi,Cabangbungin,0.014961090087894036
6233,31.18,31.211908,Kab. Garut,Pasirwangi,-0.03190834045410185
6858,15.6,15.597234,Kab. Kuningan,Kalimanggis,0.0027662277221676135
7215,34.12,34.11099,Kab. Majalengka,Cingambul,0.009011383056638067
761,65.5,65.54907,Kota Bandung,Bandung Wetan,-0.049072265625
8229,79.34,79.337494,Kab. Subang,Pamanukan,0.0025061035156284106
9854,68.59,68.603294,Kota Cimahi,Cimahi Selatan,-0.01329437255859034
4205,67.99,68.025795,Kab. Tasikmalaya,Kadipaten,-0.035794982910161366
747,73.09,73.078125,Kota Bandung,Bandung Wetan,0.01187500000000341
2456,62.94,62.974236,Kab. Bogor,Leuwisadeng,-0.034235534667971024
8006,55.31,55.188976,Kab. Indramayu,Arahan,0.1210237121582054
289,82.1,82.05671,Kab. Bandung,Ibun,0.043290710449213066
1530,98.76,98.74582,Kota Bandung,Panyileukan,0.014180908203130116
1364,84.8,84.799286,Kota Bandung,Bandung Kidul,0.0007141113281221578
4340,55.89,55.85024,Kota Tasikmalaya,Bungursari,0.03976119995117244
8800,51.05,51.127182,Kab. Karawang,Klari,-0.07718200683594034
9772,47.54,47.569828,Kab. Bandung Barat,Saguling,-0.029828033447266478
1867,55.05,55.064182,Kab. Bogor,Rancabungur,-0.014182281494143467
8150,48.52,48.5087,Kab. Subang,Pagaden,0.011298675537112501
138,51.25,51.33241,Kab. Bandung,Banjaran,-0.08240890502929688
9441,33.34,33.510574,Kab. Pangandaran,Padaherang,-0.1705743408203091
4440,73.32,73.29241,Kota Tasikmalaya,Cibeureum,0.02758819580077443
5478,46.52,46.48351,Kab. Sukabumi,Surade,0.0364909362793
1022,77.32,77.32608,Kota Bandung,Bojongloa Kaler,-0.006080322265631821
4381,70.13,70.142075,Kota Tasikmalaya,Tamansari,-0.012074584960942047
1219,89.98,89.99814,Kota Bandung,Ujungberung,-0.01813842773437102
2186,42.16,42.12487,Kab. Bogor,Rumpin,0.03512969970702784
4093,35.04,34.8434,Kab. Tasikmalaya,Padakembang,0.19660095214843665
9399,37.76,37.890446,Kab. Pangandaran,Cimerak,-0.13044570922851761
3712,76.4,76.351906,Kota Depok,Bojongsari,0.048094177246099434
5654,26.83,26.774471,Kab. Sukabumi,Bojonggenteng,0.05552871704101392
7893,47.38,47.39776,Kab. Indramayu,Kedokanbunder,-0.017758483886716192
2271,72.66,72.629654,Kab. Bogor,Cibungbulang,0.03034606933593409
5023,50.47,50.800835,Kab. Cirebon,Suranenggala,-0.3308346557617199
8005,62.9,62.92798,Kab. Indramayu,Arahan,-0.02797851562500142
3939,33.08,33.083096,Kab. Tasikmalaya,Karangnunggal,-0.0030955505371110803
202,71.29,71.39203,Kab. Bandung,Pangalengan,-0.10202880859374375
2577,55.93,55.946785,Kota Bogor,Bogor Barat,-0.016784973144531534
9174,58.34,58.320435,Kab. Karawang,Batujaya,0.01956542968750341
3138,94.53,94.50072,Kota Bekasi,Bekasi Selatan,0.029282836914063637
127,74.61,74.41007,Kab. Bandung,Dayeuhkolot,0.19992767333984318
9912,68.59,68.59947,Kota Cimahi,Cimahi Selatan,-0.00947204589843409
1252,89.93,89.9307,Kota Bandung,Cinambo,-0.0007022094726494288
3115,77.79,77.85334,Kota Bekasi,Bekasi Utara,-0.063340148925775
8168,49.22,49.290066,Kab. Subang,Binong,-0.07006576538086051
9784,55.14,55.075733,Kab. Bandung Barat,Saguling,0.06426681518554744
6331,35.95,35.911297,Kab. Ciamis,Ciamis,0.03870315551758097
1949,69.71,69.660126,Kab. Bogor,Leuwiliang,0.04987426757811875
3800,83.35,83.3138,Kota Depok,Limo,0.036203002929681816
1139,76.81,76.665115,Kota Bandung,Antapani,0.14488464355468977
492,65.78,65.687996,Kab. Bandung,Cicalengka,0.09200408935546989
3509,74.47,74.41744,Kota Depok,Sukmajaya,0.05255767822265511
6805,58.11,58.139004,Kab. Kuningan,Ciwaru,-0.029003753662109943
5169,70.9,70.825485,Kota Cirebon,Pekalipan,0.07451477050781818
4297,60.17,60.278202,Kota Tasikmalaya,Mangkubumi,-0.10820205688476392
1095,80.93,80.89689,Kota Bandung,Batununggal,0.03311126708985057
8703,69.66,69.623375,Kab. Purwakarta,Tegalwaru,0.03662506103515284
2343,38.31,38.182747,Kab. Bogor,Klapanunggal,0.12725311279297102
4278,71.71,70.57371,Kota Tasikmalaya,Cipedes,1.1362924194335875
7740,54.76,54.802963,Kab. Indramayu,Anjatan,-0.04296325683593949
3318,78.99,78.88997,Kota Bekasi,Mustika Jaya,0.10003112792968238
3765,75.76,75.7785,Kota Depok,Limo,-0.018503417968744884
2893,49.64,49.520992,Kab. Bekasi,Cibarusah,0.1190077209472662
7410,26.85,26.818031,Kab. Sumedang,Pamulihan,0.03196868896484517
3328,86.59,86.61626,Kota Bekasi,Mustika Jaya,-0.02625671386718409
4436,65.73,65.78246,Kota Tasikmalaya,Cibeureum,-0.05246307373046477
9081,53.57,53.470345,Kab. Karawang,Lemahabang,0.09965545654296903
2207,34.57,34.62556,Kab. Bogor,Rumpin,-0.05556076049804659
8177,49.22,49.287884,Kab. Subang,Binong,-0.06788375854492301
724,60.39,60.378086,Kab. Bandung,Cangkuang,0.011913909912109943
2513,61.83,61.787704,Kota Bogor,Bogor Utara,0.042295532226560795
5872,47.67,47.672348,Kota Sukabumi,Cibeureum,-0.0023480224609357947
7809,51.73,51.78494,Kab. Indramayu,Terisi,-0.0549388122558625
7069,39.37,39.450565,Kab. Majalengka,Sukahaji,-0.08056533813476818
3602,84.88,84.916245,Kota Depok,Cilodong,-0.03624450683594205
3410,73.44,73.43775,Kota Bekasi,Pondok Melati,0.0022482299804664763
3900,41.92,41.908005,Kab. Tasikmalaya,Cisayong,0.011995239257814205
271,74.5,74.5993,Kab. Bandung,Ibun,-0.09929656982421875
1116,80.93,80.93873,Kota Bandung,Batununggal,-0.008728332519524429
8578,30.24,30.12695,Kab. Purwakarta,Cibatu,0.11305068969726406
1245,82.33,82.276085,Kota Bandung,Cinambo,0.053915100097654545
2865,52.34,52.31787,Kab. Bekasi,Cabangbungin,0.02212890625000341
145,58.84,58.79451,Kab. Bandung,Banjaran,0.04549011230469091
3287,79.55,79.56782,Kota Bekasi,Jatisampurna,-0.017817687988284092
8041,51.1,51.03102,Kab. Indramayu,Balongan,0.06897888183593892
7872,47.19,47.066536,Kab. Indramayu,Bongas,0.12346405029296648
7873,54.78,54.854885,Kab. Indramayu,Bongas,-0.07488510131835824
8081,60.88,60.861572,Kab. Subang,Kalijati,0.018427734375002558
9902,68.59,68.60203,Kota Cimahi,Cimahi Selatan,-0.01202789306640284
9923,51.08,50.845074,Kota Banjar,Banjar,0.23492630004882642
8763,64.44,64.33804,Kab. Purwakarta,Sukasari,0.10195678710937273
8379,57.58,57.422638,Kab. Subang,Compreng,0.1573620605468733
5842,40.08,40.0591,Kota Sukabumi,Cibeureum,0.02089889526367017
1484,88.36,88.34966,Kota Bandung,Cibeunying Kidul,0.010337219238280682
4521,56.46,56.499626,Kab. Cirebon,Depok,-0.0396261596679679
2939,51.19,51.14288,Kab. Bekasi,Sukatani,0.04712051391601335
4330,55.89,55.852146,Kota Tasikmalaya,Bungursari,0.03785385131835994
6517,60.18,60.17212,Kab. Ciamis,Purwadadi,0.007880859374999716
1923,73.88,73.76288,Kab. Bogor,Bojonggede,0.11712158203124545
8139,52.93,53.020008,Kab. Subang,Purwadadi,-0.09000808715820341
4072,34.32,34.553688,Kab. Tasikmalaya,Pancatengah,-0.23368804931640597
5192,74.51,74.562874,Kota Cirebon,Kejaksan,-0.052873840332026134
4587,57.61,57.64355,Kab. Cirebon,Klangenan,-0.03355087280273494
1650,47.34,47.25285,Kab. Bogor,Jonggol,0.08715042114258154
2920,76.93,76.96073,Kab. Bekasi,Bojongmangu,-0.03073150634764943
8694,77.26,77.24981,Kab. Purwakarta,Tegalwaru,0.010190734863286366
7656,37.33,37.3291,Kab. Sumedang,Jatinunggal,0.0008984374999982947
600,76.82,76.79261,Kab. Bandung,Soreang,0.02738983154296193
8160,48.52,48.48255,Kab. Subang,Pagaden,0.037448425292971876
2730,62.6,62.623074,Kab. Bekasi,Cikarang Selatan,-0.023073577880857954
5944,19.78,19.768602,Kab. Garut,Banyuresmi,0.011397628784180824
8785,53.88,53.863533,Kab. Karawang,Karawang Barat,0.016466979980471308
8085,53.29,53.28456,Kab. Subang,Kalijati,0.005438842773436647
7194,40.99,41.060013,Kab. Majalengka,Maja,-0.07001281738281051
4214,67.99,67.94924,Kab. Tasikmalaya,Kadipaten,0.040758361816401134
4280,58.14,57.94572,Kota Tasikmalaya,Tawang,0.1942793273925787
5925,19.78,19.764542,Kab. Garut,Banyuresmi,0.015458374023438637
9812,86.76,86.725365,Kota Cimahi,Cimahi Utara,0.034635314941411366
6686,16.16,16.091528,Kab. Kuningan,Darma,0.0684720611572267
2144,86.98,86.88017,Kab. Bogor,Parungpanjang,0.09982727050781648
6350,15.16,16.735836,Kab. Ciamis,Cijeungjing,-1.5758360290527342
8422,56.01,56.523582,Kab. Subang,Sagalaherang,-0.5135824584960957
9698,75.03,75.014786,Kab. Bandung Barat,Cipongkor,0.015214233398438637
7244,56.93,56.977543,Kab. Majalengka,Sindang,-0.04754287719726591
9946,64.67,64.64104,Kota Banjar,Purwaharja,0.028963012695314205
9079,53.57,53.50787,Kab. Karawang,Lemahabang,0.06213027954101591
7891,54.97,54.952286,Kab. Indramayu,Kedokanbunder,0.017714233398436363
8620,44.79,44.78752,Kab. Purwakarta,Maniis,0.0024786376953116473
7271,76.71,76.61814,Kab. Majalengka,Ligung,0.0918588256835875
8231,86.93,86.89458,Kab. Subang,Pamanukan,0.03542297363281932
8915,56.25,56.211693,Kab. Karawang,Pangkalan,0.03830718994140625
1560,72.48,72.546265,Kab. Bogor,Cibinong,-0.06626464843749602
2602,55.93,55.96111,Kota Bogor,Bogor Barat,-0.03110916137695341
3315,86.59,86.59506,Kota Bekasi,Mustika Jaya,-0.005062255859371589
8386,55.15,55.122562,Kab. Subang,Patokbeusi,0.027437591552732954
637,74.16,74.18766,Kab. Bandung,Rancabali,-0.02766021728515966
4423,74.57,74.48101,Kota Tasikmalaya,Kawalu,0.08898956298827443
7426,52.98,52.835117,Kab. Sumedang,Conggeang,0.14488265991210625
5859,47.67,47.680424,Kota Sukabumi,Cibeureum,-0.01042373657226392
417,47.76,47.74905,Kab. Bandung,Rancaekek,0.010949859619138635
4204,17.07,17.190767,Kab. Tasikmalaya,Ciawi,-0.12076728820800753
9985,76.69,76.53959,Kota Banjar,Pataruman,0.15041107177734148
9031,44.22,44.189236,Kab. Karawang,Cilamaya Wetan,0.030764312744139488
2642,65.48,65.49296,Kota Bogor,Tanah Sareal,-0.012958068847652271
2838,45.71,45.73193,Kab. Bekasi,Muaragembong,-0.021929779052733522
8676,56.88,56.88674,Kab. Purwakarta,Sukatani,-0.006741638183591192
8884,65.82,65.88378,Kab. Karawang,Telukjambe Timur,-0.06378143310547557
5118,54.28,54.219463,Kota Cirebon,Harjamukti,0.06053665161132926
1337,69.89,69.82987,Kota Bandung,Buahbatu,0.06012786865234432
3072,91.43,91.43268,Kota Bekasi,Bekasi Timur,-0.002678222656243179
5190,74.51,74.56615,Kota Cirebon,Kejaksan,-0.056146850585932384
6065,22.8,22.851562,Kab. Garut,Caringin,-0.05156249999999929
2634,65.48,65.41901,Kota Bogor,Tanah Sareal,0.06099365234375398
5229,33.58,33.707085,Kab. Sukabumi,Cikakak,-0.12708465576172046
848,81.58,81.58158,Kota Bandung,Sukajadi,-0.0015811157226579553
7624,59.37,59.383427,Kab. Sumedang,Buahdua,-0.013426666259768183
1595,62.26,62.264652,Kab. Bogor,Gunung Putri,-0.0046522521972676145
3499,72.53,72.777954,Kota Depok,Cipayung,-0.24795410156249886
2804,51.47,51.629063,Kab. Bekasi,Tarumajaya,-0.15906265258789176
6586,21.09,21.299227,Kab. Ciamis,Padaherang,-0.20922676086425795
8036,58.69,58.717514,Kab. Indramayu,Balongan,-0.027514038085939774
6288,25.61,25.736555,Kab. Garut,Blubur Limbangan,-0.12655509948730526
2010,44.98,44.882034,Kab. Bogor,Cigudeg,0.09796569824218437
1051,73.88,73.90744,Kota Bandung,Kiaracondong,-0.027440185546879547
6088,47.0,47.176853,Kab. Garut,Mekarmukti,-0.17685317993164062
8913,56.25,56.200382,Kab. Karawang,Pangkalan,0.049617767333984375
5951,20.58,20.980064,Kab. Garut,Samarang,-0.40006439208984546
3353,86.59,86.61598,Kota Bekasi,Mustika Jaya,-0.02598205566405909
4722,44.87,44.87148,Kab. Cirebon,Pangenan,-0.001479034423830683
7748,54.76,54.779545,Kab. Indramayu,Anjatan,-0.019544830322267615
1830,57.4,57.596558,Kab. Bogor,Kemang,-0.19655761718750142
8663,49.29,49.316654,Kab. Purwakarta,Sukatani,-0.026654205322266478
6044,36.63,36.4005,Kab. Garut,Cibalong,0.22949874877929943
6897,28.64,28.671143,Kab. Kuningan,Cilebak,-0.03114257812499943
7108,68.09,67.86025,Kab. Majalengka,Sindangwangi,0.22974761962890966
3274,52.47,52.455822,Kota Bekasi,Jatiasih,0.014178009033201988
8248,79.34,79.32622,Kab. Subang,Pamanukan,0.01378234863281591
5245,9.75,9.850429,Kab. Sukabumi,Cicurug,-0.10042858123779297
3504,72.53,72.75071,Kota Depok,Cipayung,-0.2207095336914051
2040,44.98,44.933895,Kab. Bogor,Cigudeg,0.0461048889160125
6782,53.07,53.072514,Kab. Kuningan,Selajambe,-0.0025135803222653408
1787,60.97,60.92709,Kab. Bogor,Sukaraja,0.04291030883788949
9670,78.11,78.178734,Kab. Bandung Barat,Cihampelas,-0.06873382568359432
4087,23.27,23.25118,Kab. Tasikmalaya,Jamanis,0.018819351196288636
9333,75.71,75.7248,Kab. Karawang,Cibuaya,-0.014800109863287503
527,48.63,48.64002,Kab. Bandung,Cikancung,-0.010018463134763067
3506,82.06,82.0743,Kota Depok,Sukmajaya,-0.014302673339841476
577,69.23,69.26957,Kab. Bandung,Soreang,-0.03956939697265227
2035,44.98,44.937786,Kab. Bogor,Cigudeg,0.042213897705075
6278,18.02,18.002977,Kab. Garut,Blubur Limbangan,0.01702262878417926
3971,50.44,50.44154,Kab. Tasikmalaya,Cibalong,-0.0015397644042991487
3229,82.26,82.30807,Kota Bekasi,Bantar Gebang,-0.048067321777338634
4610,39.76,39.568565,Kab. Cirebon,Panguragan,0.19143463134765426
6303,28.5,28.299809,Kab. Garut,Pangatikan,0.20019149780273438
544,62.82,62.8149,Kab. Bandung,Baleendah,0.005100555419922159
3197,63.35,63.568867,Kota Bekasi,Medan Satria,-0.2188667297363267
4959,52.31,52.359623,Kab. Cirebon,Dukupuntang,-0.04962295532226335
2359,81.31,81.27366,Kab. Bogor,Tanjungsari,0.036341247558596024
8270,48.96,48.9244,Kab. Subang,Pusakanagara,0.0355996704101571
315,55.04,54.871655,Kab. Bandung,Paseh,0.16834548950195227
5221,33.58,33.741234,Kab. Sukabumi,Cikakak,-0.16123382568359546
7504,50.66,50.66103,Kab. Sumedang,Ujungjaya,-0.0010298156738315356
5559,30.7,30.686716,Kab. Sukabumi,Cicantayan,0.013283920288085227
923,61.85,61.886654,Kota Bandung,Lengkong,-0.036653900146482954
7971,33.94,33.93131,Kab. Indramayu,Tukdana,0.008691253662107101
4980,70.81,70.78029,Kab. Cirebon,Gunungjati,0.029711303710939774
339,72.04,72.160675,Kab. Bandung,Pacet,-0.12067504882811875
4164,42.67,42.821404,Kab. Tasikmalaya,Karangjaya,-0.15140350341796704
8739,68.18,68.11783,Kab. Purwakarta,Bungursari,0.06217163085938182
2856,59.94,59.991043,Kab. Bekasi,Cabangbungin,-0.051043090820314774
1366,84.8,84.79102,Kota Bandung,Bandung Kidul,0.008976745605465908
9468,16.76,16.755037,Kab. Pangandaran,Sidamulih,0.004962692260743751
6372,5.77,5.7458696,Kab. Ciamis,Cidolog,0.024130363464355042
6234,38.78,38.64949,Kab. Garut,Pasirwangi,0.13050964355468864
4663,28.46,28.454372,Kab. Cirebon,Sedong,0.005627593994141478
5253,10.26,10.255397,Kab. Sukabumi,Cidahu,0.004603157043456818
651,74.16,74.18711,Kab. Bandung,Rancabali,-0.02711090087890966
7606,31.32,31.425829,Kab. Sumedang,Tanjungkerta,-0.10582893371582003
8067,34.15,34.139343,Kab. Indramayu,Karanganyar,0.010656738281248579
5454,47.57,47.64646,Kab. Sukabumi,Bantargadung,-0.07646148681640597
5508,32.42,32.334038,Kab. Sukabumi,Simpenan,0.08596221923828296
524,48.63,48.625587,Kab. Bandung,Cikancung,0.004412536621096308
516,48.63,48.612938,Kab. Bandung,Cikancung,0.017062072753908808
4113,44.37,44.422863,Kab. Tasikmalaya,Leuwisari,-0.05286300659179943
8136,60.52,60.510284,Kab. Subang,Purwadadi,0.009715576171878126
1716,63.96,63.967537,Kab. Bogor,Parung,-0.007536926269530397
3582,92.47,92.4676,Kota Depok,Cilodong,0.002402038574217613
4537,56.46,56.48152,Kab. Cirebon,Depok,-0.021521606445311647
9234,72.05,71.971,Kab. Karawang,Jayakerta,0.07899932861327841
9189,58.34,58.363503,Kab. Karawang,Batujaya,-0.02350250244140284
1835,64.99,64.89887,Kab. Bogor,Kemang,0.09112762451171363
583,76.82,76.795,Kab. Bandung,Soreang,0.02500183105468068
5042,58.34,58.36684,Kab. Cirebon,Karangwareng,-0.026840362548824714
9229,72.05,71.96012,Kab. Karawang,Jayakerta,0.08987884521484091
3016,49.89,49.82986,Kab. Bekasi,Sukawangi,0.06013931274414119
2222,68.71,68.561165,Kab. Bogor,Gunung Sindur,0.1488351440429625
3566,92.47,92.46965,Kota Depok,Cilodong,0.00034973144531136313
4279,79.31,79.313324,Kota Tasikmalaya,Cipedes,-0.0033239746093727263
9635,59.44,59.466194,Kab. Bandung Barat,Padalarang,-0.026194152832033524
1387,77.21,77.24961,Kota Bandung,Bandung Kidul,-0.0396109008789125
7245,49.34,49.3597,Kab. Majalengka,Sindang,-0.019699249267574714
5968,23.68,23.528582,Kab. Garut,Cigedug,0.1514183807373044
3856,22.1,22.080421,Kab. Tasikmalaya,Singaparna,0.01957855224609517
3122,85.38,85.34368,Kota Bekasi,Bekasi Utara,0.0363186645507767
146,58.84,58.79036,Kab. Bandung,Banjaran,0.04964050292969091
781,65.5,65.5582,Kota Bandung,Bandung Wetan,-0.058197021484375
5276,35.39,35.40434,Kab. Sukabumi,Cibadak,-0.014338836669921307
3351,86.59,86.61361,Kota Bekasi,Mustika Jaya,-0.02360931396484034
6342,44.46,44.85754,Kab. Ciamis,Cikoneng,-0.3975401306152335
3496,80.13,80.11381,Kota Depok,Cipayung,0.016192321777339203
9671,85.71,85.48191,Kab. Bandung Barat,Cihampelas,0.2280892944335875
2493,83.25,83.17571,Kab. Bogor,Ciseeng,0.07428741455078125
5444,27.52,27.61732,Kab. Sukabumi,Purabaya,-0.09731910705566449
8521,53.23,53.290314,Kab. Subang,Tambakdahan,-0.060313720703128126
7814,59.32,59.222736,Kab. Indramayu,Terisi,0.09726364135742216
4922,49.7,49.72588,Kab. Cirebon,Greged,-0.025879669189450283
7432,39.98,39.974155,Kab. Sumedang,Paseh,0.005844573974606249
5024,50.47,50.890915,Kab. Cirebon,Suranenggala,-0.42091491699218864
5065,58.34,58.364864,Kab. Cirebon,Karangwareng,-0.024864349365230964
6911,36.23,35.843826,Kab. Kuningan,Cilebak,0.3861737060546844
8446,80.62,80.61929,Kab. Subang,Jalancagak,0.0007067871093795475
2074,53.42,53.43213,Kab. Bogor,Tenjo,-0.012128906249998295
3171,81.78,81.797585,Kota Bekasi,Rawalumbu,-0.017584533691405113
7705,46.36,46.384018,Kab. Indramayu,Losarang,-0.02401794433593807
3723,84.0,84.00738,Kota Depok,Bojongsari,-0.00737762451171875
9009,44.22,44.206776,Kab. Karawang,Cilamaya Wetan,0.013224334716795738
9529,76.55,76.58806,Kab. Bandung Barat,Cisarua,-0.03805847167969034
2716,62.6,62.642853,Kab. Bekasi,Cikarang Selatan,-0.04285278320312358
397,69.58,69.52492,Kab. Bandung,Majalaya,0.055082397460935795
6112,29.64,29.596647,Kab. Garut,Pakenjeng,0.04335273742675838
8322,44.56,44.605408,Kab. Subang,Blanakan,-0.045407714843747726
8582,37.83,37.862354,Kab. Purwakarta,Cibatu,-0.03235427856445483
8373,57.58,57.41546,Kab. Subang,Compreng,0.16454132080077954
7152,62.37,62.476814,Kab. Majalengka,Lemahsugih,-0.10681427001953381
5264,17.85,17.75005,Kab. Sukabumi,Cidahu,0.0999504089355483
7373,45.16,45.16072,Kab. Sumedang,Cimanggung,-0.0007208251953159106
1271,91.87,92.02331,Kota Bandung,Gedebage,-0.1533078002929642
4944,63.56,63.621788,Kab. Cirebon,Jamblang,-0.061788024902341476
5916,42.28,42.250835,Kab. Garut,Tarogong Kidul,0.029164581298829262
9580,59.18,59.27849,Kab. Bandung Barat,Cikalongwetan,-0.09848815917968778
3216,70.95,70.88971,Kota Bekasi,Medan Satria,0.06029052734375284
8643,50.32,51.073826,Kab. Purwakarta,Pasawahan,-0.7538258361816403
1201,72.42,72.13505,Kota Bandung,Cibiru,0.28495208740234546
81,70.51,70.50173,Kab. Bandung,Margaasih,0.008268127441411366
9169,50.75,50.650806,Kab. Karawang,Batujaya,0.09919357299804688
5518,50.9,50.978443,Kab. Sukabumi,Ciracap,-0.07844314575195455
1492,80.77,80.758224,Kota Bandung,Cibeunying Kidul,0.011775512695308521
2731,62.6,62.621796,Kab. Bekasi,Cikarang Selatan,-0.02179565429687358
1804,63.07,63.125618,Kab. Bogor,Ciomas,-0.055617980957030966
2043,37.38,37.41962,Kab. Bogor,Cigudeg,-0.03962051391601307
5027,50.47,50.88439,Kab. Cirebon,Suranenggala,-0.4143917846679699
2522,50.91,51.45363,Kota Bogor,Bogor Selatan,-0.5436285400390659
9164,50.75,50.67718,Kab. Karawang,Batujaya,0.07281875610351562
1752,79.73,79.74663,Kab. Bogor,Megamendung,-0.01662780761718352
9699,63.24,63.202583,Kab. Bandung Barat,Rongga,0.03741668701172074
9292,50.88,50.87737,Kab. Karawang,Cilebar,0.002631072998049433
3388,95.69,95.67573,Kota Bekasi,Pondok Gede,0.014272155761716476
7163,45.65,45.737045,Kab. Majalengka,Talaga,-0.08704528808593892
5940,27.38,27.484903,Kab. Garut,Banyuresmi,-0.10490333557129006
4242,48.48,48.584774,Kab. Tasikmalaya,Cigalontang,-0.1047740173339875
7866,47.19,47.10868,Kab. Indramayu,Bongas,0.08131927490234148
7996,55.31,55.165787,Kab. Indramayu,Arahan,0.14421325683593977
6915,38.35,38.3371,Kab. Kuningan,Cibeureum,0.012899017333985796
8401,62.74,62.790688,Kab. Subang,Patokbeusi,-0.05068756103515426
6733,38.77,38.74455,Kab. Kuningan,Pancalang,0.02545120239258125
8674,56.88,56.87712,Kab. Purwakarta,Sukatani,0.002879028320315058
4191,10.67,10.697222,Kab. Tasikmalaya,Culamega,-0.027221755981445384
9008,44.22,44.20478,Kab. Karawang,Cilamaya Wetan,0.015219421386717613
2661,69.77,69.72926,Kab. Bekasi,Cikarang Barat,0.04073669433593352
6223,27.51,27.76377,Kab. Garut,Cisurupan,-0.2537691497802719
3132,85.38,85.346596,Kota Bekasi,Bekasi Utara,0.0334042358398392
3969,33.08,33.082302,Kab. Tasikmalaya,Karangnunggal,-0.0023020935058610803
9549,76.55,76.58363,Kab. Bandung Barat,Cisarua,-0.03363342285156534
2909,76.93,76.971634,Kab. Bekasi,Bojongmangu,-0.04163391113280568
6031,40.56,40.76382,Kab. Garut,Selaawi,-0.2038206481933571
8078,53.29,53.358948,Kab. Subang,Kalijati,-0.06894775390625085
7424,52.98,52.7855,Kab. Sumedang,Conggeang,0.19450042724609062
3288,71.96,72.00076,Kota Bekasi,Jatisampurna,-0.04076293945313125
5957,45.25,45.264282,Kab. Garut,Bayongbong,-0.0142822265625
5721,21.8,22.277983,Kab. Sukabumi,Sirnaresmi,-0.4779827117919915
6117,41.94,41.981407,Kab. Garut,Pamulihan,-0.041407165527346024
8391,55.15,55.112236,Kab. Subang,Patokbeusi,0.03776397705077983
8656,49.29,49.31098,Kab. Purwakarta,Sukatani,-0.020981750488282103
2832,71.6,71.39176,Kab. Bekasi,Babelan,0.20823822021483807
7259,71.11,70.90867,Kab. Majalengka,Malausma,0.20133148193359318
4003,18.98,19.473005,Kab. Tasikmalaya,Parungponteng,-0.49300529479980426
5205,29.26,29.35945,Kab. Sukabumi,Palabuhanratu,-0.09944938659667812
7655,29.74,30.18608,Kab. Sumedang,Jatinunggal,-0.44608093261718906
3929,10.31,10.304382,Kab. Tasikmalaya,Bantarkalong,0.005617675781250497
5941,27.38,27.441973,Kab. Garut,Banyuresmi,-0.06197273254394631
8224,79.34,79.33262,Kab. Subang,Pamanukan,0.007381286621097161
4258,24.17,24.15493,Kab. Tasikmalaya,Sukahening,0.015069885253907955
9476,57.69,57.784904,Kab. Bandung Barat,Lembang,-0.09490447998047102
7406,26.85,26.834473,Kab. Sumedang,Pamulihan,0.015527343750001421
7334,43.44,43.40927,Kab. Sumedang,Sumedang Selatan,0.030728759765622726
51,46.36,46.31968,Kab. Bandung,Cilengkrang,0.04032073974609318
7060,47.29,47.25298,Kab. Majalengka,Cigasong,0.03702072143554602
4528,48.86,48.82956,Kab. Cirebon,Depok,0.03044067382812443
3375,95.69,95.678986,Kota Bekasi,Pondok Gede,0.011014404296872726
3752,84.0,84.022964,Kota Depok,Bojongsari,-0.0229644775390625
9527,84.15,84.15379,Kab. Bandung Barat,Cisarua,-0.0037933349609318157
3452,64.73,64.680664,Kota Depok,Pancoran Mas,0.04933593750000398
2102,53.42,53.451336,Kab. Bogor,Tenjo,-0.03133590698242017
7699,46.36,46.387814,Kab. Indramayu,Losarang,-0.027813568115234943
1902,59.0,59.09678,Kab. Bogor,Tajurhalang,-0.09677886962890625
4006,28.81,28.870481,Kab. Tasikmalaya,Sodonghilir,-0.060481491088868466
2932,76.93,76.99213,Kab. Bekasi,Bojongmangu,-0.06212646484374318
1256,89.93,89.93946,Kota Bandung,Cinambo,-0.009460754394524429
7770,45.39,45.29343,Kab. Indramayu,Kroya,0.09656967163085994
938,96.31,96.30851,Kota Bandung,Regol,0.0014901733398460237
7188,52.55,52.542812,Kab. Majalengka,Argapura,0.007187652587887783
924,61.85,61.878735,Kota Bandung,Lengkong,-0.028734588623045454
9203,45.04,44.98053,Kab. Karawang,Pakisjaya,0.05947021484374915
9728,64.24,64.2719,Kab. Bandung Barat,Sindangkerta,-0.031896362304692616
9528,76.55,76.587105,Kab. Bandung Barat,Cisarua,-0.03710479736328409
4470,49.36,49.190205,Kab. Cirebon,Plered,0.1697953796386713
4403,62.53,62.477097,Kota Tasikmalaya,Tamansari,0.05290344238281364
2625,75.37,75.32973,Kota Bogor,Bogor Tengah,0.04027282714844205
1103,80.93,80.910286,Kota Bandung,Batununggal,0.01971405029297557
7796,51.73,51.753597,Kab. Indramayu,Terisi,-0.0235972595214875
9920,51.08,50.78861,Kota Banjar,Banjar,0.29139144897460767
4749,56.03,55.977253,Kab. Cirebon,Kaliwedi,0.05274703979492301
2975,54.36,54.25044,Kab. Bekasi,Setu,0.10956130981445256
3310,78.99,78.88738,Kota Bekasi,Mustika Jaya,0.10261749267577613
6665,58.03,57.951412,Kab. Kuningan,Cilimus,0.07858779907226676
6853,15.6,15.57324,Kab. Kuningan,Kalimanggis,0.026759719848632457
8922,63.84,63.795074,Kab. Karawang,Pangkalan,0.04492553710937841
6700,23.76,23.974098,Kab. Kuningan,Darma,-0.2140982055664047
8461,30.08,29.94186,Kab. Subang,Dawuan,0.13813980102538892
4082,15.68,15.668457,Kab. Tasikmalaya,Jamanis,0.011542968749999716
1799,55.47,55.480618,Kab. Bogor,Ciomas,-0.010617523193360512
2607,55.93,55.94345,Kota Bogor,Bogor Barat,-0.013450927734375284
2403,70.76,70.75406,Kab. Bogor,Cijeruk,0.005941162109380116
3708,84.0,84.022964,Kota Depok,Bojongsari,-0.0229644775390625
6111,29.64,29.64696,Kab. Garut,Pakenjeng,-0.006959304809569744
5438,33.23,33.156567,Kab. Sukabumi,Pabuaran,0.07343338012695
5186,74.51,74.56305,Kota Cirebon,Kejaksan,-0.053049316406244884
2826,59.07,59.03235,Kab. Bekasi,Tarumajaya,0.037651367187500284
5427,33.23,33.169315,Kab. Sukabumi,Pabuaran,0.06068466186523125
3880,47.56,47.562878,Kab. Tasikmalaya,Ciawi,-0.0028776550292946013
7988,55.31,55.22359,Kab. Indramayu,Arahan,0.08640914916992415
679,67.98,67.98854,Kab. Bandung,Cangkuang,-0.008540649414058521
2897,49.64,49.498405,Kab. Bekasi,Cibarusah,0.14159454345703182
6346,36.86,36.797062,Kab. Ciamis,Cikoneng,0.0629380798339838
4901,44.27,44.327667,Kab. Cirebon,Talun,-0.057667236328121874
2824,51.47,51.64369,Kab. Bekasi,Tarumajaya,-0.173688201904298
8600,51.31,50.811832,Kab. Purwakarta,Darangdan,0.49816757202148665
3173,74.18,74.13882,Kota Bekasi,Rawalumbu,0.04118316650391307
9285,58.47,58.546535,Kab. Karawang,Cilebar,-0.07653549194336051
2915,76.93,76.96822,Kab. Bekasi,Bojongmangu,-0.03822357177733693
6120,34.35,34.314186,Kab. Garut,Pamulihan,0.03581390380859517
6371,5.77,5.769587,Kab. Ciamis,Cidolog,0.00041296005248980805
546,70.41,70.42475,Kab. Bandung,Baleendah,-0.01475128173828466
2423,52.28,52.221886,Kab. Bogor,Cigombong,0.05811431884765739
6777,60.66,60.774487,Kab. Kuningan,Selajambe,-0.11448654174805029
5967,23.68,23.441284,Kab. Garut,Cigedug,0.23871582031249972
6156,3.94,4.0051656,Kab. Garut,Cihurip,-0.0651655769348145
7807,59.32,59.30141,Kab. Indramayu,Terisi,0.01858932495117216
9039,44.22,44.225098,Kab. Karawang,Cilamaya Wetan,-0.005097656250001137
